﻿Antec,Antec 1100 Illusion,ATX Full Tower
Antec,Antec ASK4000E-U3,ATX Mid Tower
Antec,Antec AX20,ATX Mid Tower
Antec,Antec AX20 Elite,ATX Mid Tower
Antec,Antec AX51,ATX Mid Tower
Antec,Antec AX51 Elite,ATX Mid Tower
Antec,Antec AX61 ELITE,ATX Mid Tower
Antec,Antec AX81 ELITE,ATX Mid Tower
Antec,Antec AX90,ATX Mid Tower
Antec,Antec C8,ATX Mid Tower
Antec,Antec Dark Avenger DA601,ATX Mid Tower
Antec,Antec Dark Fleet DF-10,ATX Mid Tower
Antec,Antec Dark Fleet DF-30,ATX Mid Tower
Antec,Antec Dark Fleet DF-35,ATX Mid Tower
Antec,Antec Dark Fleet DF500,ATX Mid Tower
Antec,Antec Dark Fleet DF500 RGB,ATX Mid Tower
Antec,Antec Dark Fleet DF-85,ATX Full Tower
Antec,Antec Dark League DF800 FLUX,ATX Mid Tower
Antec,Antec Dark Phantom DP501,ATX Mid Tower
Antec,Antec Dark Phantom DP502 Flux,ATX Mid Tower
Antec,Antec DF600 FLUX,ATX Mid Tower
Antec,Antec DF700 FLUX,ATX Mid Tower
Antec,Antec DF800 FLUX,ATX Mid Tower
Antec,Antec DP503,ATX Mid Tower
Antec,Antec DP505,ATX Mid Tower
Antec,Antec Eleven Hundred V2,ATX Mid Tower
Antec,Antec GX1000,ATX Mid Tower
Antec,Antec GX202,ATX Mid Tower
Antec,Antec GX330,ATX Mid Tower
Antec,Antec GX500,ATX Mid Tower
Antec,Antec GX500 ILLUSION,ATX Mid Tower
Antec,Antec GX700,ATX Mid Tower
Antec,Antec GX900,ATX Mid Tower
Antec,Antec LanBoy Air,ATX Mid Tower
Antec,Antec Nine Hundred,ATX Mid Tower
Antec,Antec Nine Hundred Two,ATX Mid Tower
Antec,Antec Nine Hundred Two V3,ATX Mid Tower
Antec,Antec Nineteen Hundred,ATX Full Tower
Antec,Antec NSK4100,ATX Mid Tower
Antec,Antec NX100,ATX Mid Tower
Antec,Antec NX1000,ATX Mid Tower
Antec,Antec NX210,ATX Mid Tower
Antec,Antec NX260,ATX Mid Tower
Antec,Antec NX292,ATX Mid Tower
Antec,Antec NX310,ATX Mid Tower
Antec,Antec NX320,ATX Mid Tower
Antec,Antec NX360,ATX Mid Tower
Antec,Antec NX360 Elite,ATX Mid Tower
Antec,Antec NX400,ATX Mid Tower
Antec,Antec NX410,ATX Mid Tower
Antec,Antec NX416L,ATX Mid Tower
Antec,Antec NX420,ATX Mid Tower
Antec,Antec NX500,ATX Mid Tower
Antec,Antec NX600,ATX Mid Tower
Antec,Antec NX700,ATX Mid Tower
Antec,Antec NX800,ATX Mid Tower
Antec,Antec One,ATX Mid Tower
Antec,Antec One Hundred,ATX Mid Tower
Antec,Antec One Hundred USM,ATX Mid Tower
Antec,Antec One Illusion,ATX Mid Tower
Antec,Antec P10 FLUX,ATX Mid Tower
Antec,Antec P100,ATX Mid Tower
Antec,Antec P101 Silent,ATX Mid Tower
Antec,Antec P10C,ATX Mid Tower
Antec,Antec P110 Luce,ATX Mid Tower
Antec,Antec P110 Silent,ATX Mid Tower
Antec,Antec P120 Crystal,ATX Mid Tower
Antec,Antec P180,ATX Mid Tower
Antec,Antec P182,ATX Mid Tower
Antec,Antec P183,ATX Mid Tower
Antec,Antec P183 V3,ATX Mid Tower
Antec,Antec P193,ATX Mid Tower
Antec,Antec P193 V3,ATX Full Tower
Antec,Antec P20C,ATX Mid Tower
Antec,Antec P20C ARGB,ATX Mid Tower
Antec,Antec P20CE,ATX Mid Tower
Antec,Antec P280,ATX Mid Tower
Antec,Antec P380,ATX Full Tower
Antec,Antec P7 NEO,ATX Mid Tower
Antec,Antec P7 Silent,ATX Mid Tower
Antec,Antec P7 Window,ATX Mid Tower
Antec,Antec P70,ATX Mid Tower
Antec,Antec P8,ATX Mid Tower
Antec,Antec P82 Flow,ATX Mid Tower
Antec,Antec P82 Silent,ATX Mid Tower
Antec,Antec P9,ATX Full Tower
Antec,Antec Performance 1 FT,ATX Full Tower
Antec,Antec Performance 1 SILENT,ATX Full Tower
Antec,Antec S10,ATX Full Tower
Antec,Antec Six Hundred,ATX Mid Tower
Antec,Antec Skeleton,ATX Mini Tower
Antec,Antec Solo,ATX Mid Tower
Antec,Antec Solo II,ATX Mid Tower
Antec,Antec Sonata Elite,ATX Mid Tower
Antec,Antec Sonata Proto,ATX Mid Tower
Antec,Antec Super Lanboy,ATX Mid Tower
Antec,Antec Three Hundred,ATX Mid Tower
Antec,Antec Three Hundred Illusion,ATX Mid Tower
Antec,Antec Three Hundred Two,ATX Mid Tower
Antec,Antec Three Hundred U3,ATX Mid Tower
Antec,Antec TORQUE,ATX Mid Tower
Antec,Antec Twelve Hundred,ATX Full Tower
Antec,Antec Twelve Hundred V3,ATX Full Tower
Antec,Antec Two Hundred S,ATX Mid Tower
Antec,Antec Two Hundred V2,ATX Mid Tower
Antec,Antec VSK-2000,ATX Mid Tower
Antec,Antec VSK-4000,ATX Mid Tower
Antec,Antec VSK4000E U3,ATX Mid Tower
Antec,Antec VSP-5000,ATX Mid Tower
Antec,Antec X1-T,ATX Mid Tower
Asus,Asus GX601,ATX Full Tower
Asus,Asus ProArt PA602,ATX Mid Tower
Asus,Asus ROG Strix Helios,ATX Full Tower
Asus,Asus ROG Strix Helios EVA Edition,ATX Full Tower
Asus,Asus ROG Strix Helios Gundam Edition,ATX Full Tower
Asus,Asus TUF Gaming GT301,ATX Mid Tower
Asus,Asus TUF Gaming GT301 ZAKU II EDITION,ATX Mid Tower
Asus,Asus TUF Gaming GT302 ARGB,ATX Mid Tower
Asus,Asus TUF Gaming GT501,ATX Mid Tower
Asus,Asus TUF Gaming GT501 Demon Slayer Edition,ATX Mid Tower
Asus,Asus TUF Gaming GT502,ATX Mid Tower
Asus,Asus VENTO 3600 RED,ATX Mid Tower
be,be quiet! Dark Base 700,ATX Mid Tower
be,be quiet! Dark Base 701,ATX Mid Tower
be,be quiet! Dark Base 900,ATX Full Tower
be,be quiet! Dark Base Pro 900 Rev. 2,ATX Full Tower
be,be quiet! Dark Base Pro 901,ATX Full Tower
be,be quiet! Pure Base 500,ATX Mid Tower
be,be quiet! Pure Base 500 FX,ATX Mid Tower
be,be quiet! Pure Base 500DX,ATX Mid Tower
be,be quiet! Pure Base 600,ATX Mid Tower
be,be quiet! Shadow Base 800,ATX Mid Tower
be,be quiet! Shadow Base 800 DX,ATX Mid Tower
be,be quiet! Shadow Base 800 FX,ATX Mid Tower
be,be quiet! Silent Base 600,ATX Mid Tower
be,be quiet! Silent Base 601,ATX Mid Tower
be,be quiet! Silent Base 800,ATX Mid Tower
be,be quiet! Silent Base 801,ATX Mid Tower
be,be quiet! Silent Base 802,ATX Mid Tower
Cooler,Cooler Master 690 III,ATX Mid Tower
Cooler,Cooler Master ATCS 840,ATX Full Tower
Cooler,Cooler Master Centurion 5,ATX Mid Tower
Cooler,Cooler Master Centurion 5 II,ATX Mid Tower
Cooler,Cooler Master Centurion 534,ATX Mid Tower
Cooler,Cooler Master Centurion 590,ATX Mid Tower
Cooler,Cooler Master CM 590 III,ATX Mid Tower
Cooler,Cooler Master CM 690,ATX Mid Tower
Cooler,Cooler Master CM 690 II,ATX Mid Tower
Cooler,Cooler Master CM 690 II Advanced NVIDIA Edition,ATX Mid Tower
Cooler,Cooler Master CM 690 II Nvidia Edition,ATX Mid Tower
Cooler,Cooler Master CM Storm Scout 2 Advanced,ATX Mid Tower
Cooler,Cooler Master CM690 II Advanced,ATX Mid Tower
Cooler,Cooler Master CM690 II Basic,ATX Mid Tower
Cooler,Cooler Master CMP 501,ATX Mid Tower
Cooler,Cooler Master CMP 510,ATX Mid Tower
Cooler,Cooler Master CMP 520,ATX Mid Tower
Cooler,Cooler Master CMP 520L,ATX Mid Tower
Cooler,Cooler Master Cosmos,ATX Full Tower
Cooler,Cooler Master Cosmos C700M,ATX Full Tower
Cooler,Cooler Master Cosmos C700P,ATX Full Tower
Cooler,Cooler Master Cosmos C700P Black Edition,ATX Full Tower
Cooler,Cooler Master Cosmos II,ATX Full Tower
Cooler,Cooler Master Cosmos Infinity 30th Anniversary,ATX Full Tower
Cooler,Cooler Master Cosmos Pure,ATX Full Tower
Cooler,Cooler Master Cosmos S,ATX Full Tower
Cooler,Cooler Master Cosmos SE,ATX Mid Tower
Cooler,Cooler Master Elite 310,ATX Mid Tower
Cooler,Cooler Master Elite 311,ATX Mid Tower
Cooler,Cooler Master Elite 330,ATX Mid Tower
Cooler,Cooler Master Elite 330 Upgraded,ATX Mid Tower
Cooler,Cooler Master Elite 334 nVidia,ATX Mid Tower
Cooler,Cooler Master Elite 334U,ATX Mid Tower
Cooler,Cooler Master Elite 335,ATX Mid Tower
Cooler,Cooler Master Elite 335 Upgraded,ATX Mid Tower
Cooler,Cooler Master Elite 360,ATX Mini Tower
Cooler,Cooler Master Elite 361,ATX Mid Tower
Cooler,Cooler Master Elite 370,ATX Mid Tower
Cooler,Cooler Master Elite 371,ATX Mid Tower
Cooler,Cooler Master Elite 430,ATX Mid Tower
Cooler,Cooler Master Elite 431 Plus,ATX Mid Tower
Cooler,Cooler Master Elite 500,ATX Mid Tower
Cooler,Cooler Master Elite 500 ODD,ATX Mid Tower
Cooler,Cooler Master Force 500,ATX Mid Tower
Cooler,Cooler Master Gladiator 600,ATX Mid Tower
Cooler,Cooler Master HAF 500,ATX Mid Tower
Cooler,Cooler Master HAF 700,ATX Full Tower
Cooler,Cooler Master HAF 700 EVO,ATX Full Tower
Cooler,Cooler Master HAF 912,ATX Mid Tower
Cooler,Cooler Master HAF 912 Advanced,ATX Mid Tower
Cooler,Cooler Master HAF 912 New,ATX Mid Tower
Cooler,Cooler Master HAF 912 Plus,ATX Mid Tower
Cooler,Cooler Master HAF 922,ATX Mid Tower
Cooler,Cooler Master HAF 932,ATX Full Tower
Cooler,Cooler Master HAF 932 Advanced,ATX Full Tower
Cooler,Cooler Master HAF 932 AMD Limited Edition,ATX Full Tower
Cooler,Cooler Master HAF Stacker 935,ATX Full Tower
Cooler,Cooler Master HAF X,ATX Full Tower
Cooler,Cooler Master HAF X nVidia Edition,ATX Full Tower
Cooler,Cooler Master HAF XM,ATX Mid Tower
Cooler,Cooler Master K280,ATX Mid Tower
Cooler,Cooler Master K280 USB3.0,ATX Mid Tower
Cooler,Cooler Master K281,ATX Mid Tower
Cooler,Cooler Master K350,ATX Mid Tower
Cooler,Cooler Master K380,ATX Mid Tower
Cooler,Cooler Master K550,ATX Mid Tower
Cooler,Cooler Master MasterBox 5,ATX Mid Tower
Cooler,Cooler Master MasterBox 500,ATX Mid Tower
Cooler,Cooler Master Masterbox 520,ATX Mid Tower
Cooler,Cooler Master MasterBox 520 Mesh,ATX Mid Tower
Cooler,Cooler Master MasterBox 520 Mesh Blackout Edition,ATX Mid Tower
Cooler,Cooler Master MasterBox 540,ATX Mid Tower
Cooler,Cooler Master MasterBox 5T,ATX Mid Tower
Cooler,Cooler Master MasterBox CM694 Steel,ATX Mid Tower
Cooler,Cooler Master MasterBox CM694 TG,ATX Mid Tower
Cooler,Cooler Master MasterBox E500 (w/o ODD),ATX Mid Tower
Cooler,Cooler Master MasterBox E500L,ATX Mid Tower
Cooler,Cooler Master MASTERBOX E501L,ATX Mid Tower
Cooler,Cooler Master MasterBox K500,ATX Mid Tower
Cooler,Cooler Master MasterBox K500 ARGB,ATX Mid Tower
Cooler,Cooler Master MasterBox K500 Phantom Gaming Edition,ATX Mid Tower
Cooler,Cooler Master MasterBox K501L,ATX Mid Tower
Cooler,Cooler Master MasterBox K501L RGB,ATX Mid Tower
Cooler,Cooler Master MasterBox Lite 5,ATX Mid Tower
Cooler,Cooler Master MasterBox LITE 5 ARGB,ATX Mid Tower
Cooler,Cooler Master MasterBox Lite 5 RGB,ATX Mid Tower
Cooler,Cooler Master MasterBox MB500,ATX Mid Tower
Cooler,Cooler Master MasterBox MB500 ARGB,ATX Mid Tower
Cooler,Cooler Master MasterBox MB500 TUF Edition,ATX Mid Tower
Cooler,Cooler Master MasterBox MB510L,ATX Mid Tower
Cooler,Cooler Master MasterBox MB511,ATX Mid Tower
Cooler,Cooler Master MasterBox MB511 ARGB,ATX Mid Tower
Cooler,Cooler Master MasterBox MB511 RGB,ATX Mid Tower
Cooler,Cooler Master MasterBox MB520,ATX Mid Tower
Cooler,Cooler Master MasterBox MB520 ARGB,ATX Mid Tower
Cooler,Cooler Master MasterBox MB520 RGB,ATX Mid Tower
Cooler,Cooler Master MasterBox MB530P,ATX Mid Tower
Cooler,Cooler Master MasterBox MB600L V2,ATX Mid Tower
Cooler,Cooler Master MasterBox MB600L V2 w/ODD,ATX Mid Tower
Cooler,Cooler Master MasterBox NR600 (w/o ODD),ATX Mid Tower
Cooler,Cooler Master MasterBox NR600 (w/ODD),ATX Mid Tower
Cooler,Cooler Master MasterBox NR600P,ATX Mid Tower
Cooler,Cooler Master MasterBox Pro 5,ATX Mid Tower
Cooler,Cooler Master MasterBox Pro 5 ARGB,ATX Mid Tower
Cooler,Cooler Master MasterBox Pro 5 RGB,ATX Mid Tower
Cooler,Cooler Master MasterBox Q500L,ATX Mid Tower
Cooler,Cooler Master MasterBox TD500,ATX Mid Tower
Cooler,Cooler Master MasterBox TD500 ARGB,ATX Mid Tower
Cooler,Cooler Master MasterBox TD500 Mesh V2,ATX Mid Tower
Cooler,Cooler Master MasterBox TD500 Mesh w/ Controller,ATX Mid Tower
Cooler,Cooler Master MasterBox TD500 Mesh w/o Controller,ATX Mid Tower
Cooler,Cooler Master MasterBox TD500 Mesh White w/ Controller,ATX Mid Tower
Cooler,Cooler Master MasterBox TD500 Mesh White w/o Controller,ATX Mid Tower
Cooler,Cooler Master MasterCase 5,ATX Mid Tower
Cooler,Cooler Master MasterCase H500,ATX Mid Tower
Cooler,Cooler Master MasterCase H500 ARGB,ATX Mid Tower
Cooler,Cooler Master MasterCase H500M,ATX Mid Tower
Cooler,Cooler Master MasterCase H500P,ATX Mid Tower
Cooler,Cooler Master MasterCase H500P ARGB,ATX Mid Tower
Cooler,Cooler Master MasterCase H500P Mesh,ATX Mid Tower
Cooler,Cooler Master MasterCase H500P Mesh ARGB,ATX Mid Tower
Cooler,Cooler Master MasterCase H500P Mesh Phantom Gaming Edition,ATX Mid Tower
Cooler,Cooler Master MasterCase Maker 5,ATX Mid Tower
Cooler,Cooler Master MasterCase Maker 5t,ATX Mid Tower
Cooler,Cooler Master MasterCase MC500,ATX Mid Tower
Cooler,Cooler Master MasterCase MC500M,ATX Mid Tower
Cooler,Cooler Master MasterCase MC500Mt,ATX Mid Tower
Cooler,Cooler Master MasterCase MC500P,ATX Mid Tower
Cooler,Cooler Master MasterCase MC600P,ATX Mid Tower
Cooler,Cooler Master MasterCase Pro 5,ATX Mid Tower
Cooler,Cooler Master MasterCase Pro 6,ATX Mid Tower
Cooler,Cooler Master MasterCase SL600M,ATX Mid Tower
Cooler,Cooler Master MasterCase SL600M Black Edition,ATX Mid Tower
Cooler,Cooler Master MasterFrame 700,ATX Full Tower
Cooler,Cooler Master MB600L,ATX Mid Tower
Cooler,Cooler Master MB600L ODD,ATX Mid Tower
Cooler,Cooler Master N300,ATX Mid Tower
Cooler,Cooler Master N400,ATX Mid Tower
Cooler,Cooler Master N500,ATX Mid Tower
Cooler,Cooler Master N600,ATX Mid Tower
Cooler,Cooler Master N600 Windowed,ATX Mid Tower
Cooler,Cooler Master QUBE 500 Flatpack,ATX Mid Tower
Cooler,Cooler Master QUBE 500 Flatpack Macaron Edition,ATX Mid Tower
Cooler,Cooler Master RC-912-KKN4,ATX Mid Tower
Cooler,Cooler Master Silencio 450,ATX Mid Tower
Cooler,Cooler Master Silencio 452,ATX Mid Tower
Cooler,Cooler Master Silencio 550,ATX Mid Tower
Cooler,Cooler Master Silencio 650,ATX Mid Tower
Cooler,Cooler Master Silencio 652,ATX Mid Tower
Cooler,Cooler Master Silencio 652S,ATX Mid Tower
Cooler,Cooler Master Silencio S600,ATX Mid Tower
Cooler,Cooler Master Storm Enforcer,ATX Mid Tower
Cooler,Cooler Master Storm Scout,ATX Mid Tower
Cooler,Cooler Master Storm Scout 2,ATX Mid Tower
Cooler,Cooler Master Storm Scout 2 Advanced,ATX Mid Tower
Cooler,Cooler Master Storm Sniper,ATX Mid Tower
Cooler,Cooler Master Storm Stryker,ATX Full Tower
Cooler,Cooler Master Storm Trooper,ATX Full Tower
Cooler,Cooler Master Stryker SE,ATX Full Tower
Cooler,Cooler Master Trooper SE,ATX Full Tower
Corsair,Corsair 110Q,ATX Mid Tower
Corsair,Corsair 275R Airflow,ATX Mid Tower
Corsair,Corsair 3000D AIRFLOW,ATX Mid Tower
Corsair,Corsair 3000D RGB AIRFLOW,ATX Mid Tower
Corsair,Corsair 4000D,ATX Mid Tower
Corsair,Corsair 4000D Airflow,ATX Mid Tower
Corsair,Corsair 480T,ATX Mid Tower
Corsair,Corsair 5000D,ATX Mid Tower
Corsair,Corsair 5000D AIRFLOW,ATX Mid Tower
Corsair,Corsair 5000D CORE AIRFLOW,ATX Mid Tower
Corsair,Corsair 6500D Airflow,ATX Mid Tower
Corsair,Corsair 6500X,ATX Mid Tower
Corsair,Corsair 7000D AIRFLOW,ATX Full Tower
Corsair,Corsair Carbide 600Q,ATX Full Tower
Corsair,Corsair Carbide Series 100R,ATX Mid Tower
Corsair,Corsair Carbide Series 110R,ATX Mid Tower
Corsair,Corsair Carbide Series 175R RGB,ATX Mid Tower
Corsair,Corsair Carbide Series 200R,ATX Mid Tower
Corsair,Corsair Carbide Series 270R,ATX Mid Tower
Corsair,Corsair Carbide Series 275Q,ATX Mid Tower
Corsair,Corsair Carbide Series 275R,ATX Mid Tower
Corsair,Corsair Carbide Series 300R,ATX Mid Tower
Corsair,Corsair Carbide Series 300R Windowed,ATX Mid Tower
Corsair,Corsair Carbide Series 330R,ATX Mid Tower
Corsair,Corsair Carbide Series 330R Titanium Edition,ATX Mid Tower
Corsair,Corsair Carbide Series 400C,ATX Mid Tower
Corsair,Corsair Carbide Series 400R,ATX Mid Tower
Corsair,Corsair Carbide Series 500R,ATX Mid Tower
Corsair,Corsair Carbide Series 600C,ATX Full Tower
Corsair,Corsair Carbide Series 678C,ATX Mid Tower
Corsair,Corsair Carbide Series Air 540,ATX Mid Tower
Corsair,Corsair Carbide Series Air 740,ATX Full Tower
Corsair,Corsair Carbide Series Quiet 400Q,ATX Mid Tower
Corsair,Corsair Carbide Series SPEC OMEGA,ATX Mid Tower
Corsair,Corsair Carbide Series SPEC-01,ATX Mid Tower
Corsair,Corsair Carbide Series SPEC-02,ATX Mid Tower
Corsair,Corsair Carbide Series SPEC-03,ATX Mid Tower
Corsair,Corsair Carbide Series SPEC-04,ATX Mid Tower
Corsair,Corsair Carbide Series SPEC-05,ATX Mid Tower
Corsair,Corsair Carbide Series SPEC-06,ATX Mid Tower
Corsair,Corsair Carbide Series SPEC-ALPHA,ATX Mid Tower
Corsair,Corsair Carbide Series SPEC-DELTA RGB,ATX Mid Tower
Corsair,Corsair Crystal 460X RGB,ATX Mid Tower
Corsair,Corsair Crystal 570X RGB,ATX Mid Tower
Corsair,Corsair Crystal 570X RGB Mirror Black,ATX Mid Tower
Corsair,Corsair Crystal Series 460X RGB,ATX Mid Tower
Corsair,Corsair Crystal Series 680X RGB,ATX Mid Tower
Corsair,Corsair Graphite Series 230T,ATX Mid Tower
Corsair,Corsair Graphite Series 230T Windowed,ATX Mid Tower
Corsair,Corsair Graphite Series 600T,ATX Mid Tower
Corsair,Corsair Graphite Series 600T Mesh,ATX Mid Tower
Corsair,Corsair Graphite Series 730T,ATX Full Tower
Corsair,Corsair Graphite Series 760T,ATX Full Tower
Corsair,Corsair Graphite Series 780T,ATX Full Tower
Corsair,Corsair iCUE 220T RGB,ATX Mid Tower
Corsair,Corsair iCUE 220T RGB Airflow,ATX Mid Tower
Corsair,Corsair iCUE 4000D RGB AIRFLOW,ATX Mid Tower
Corsair,Corsair iCUE 4000D RGB Airflow QL Edition,ATX Mid Tower
Corsair,Corsair iCUE 4000X RGB,ATX Mid Tower
Corsair,Corsair iCUE 465X RGB,ATX Mid Tower
Corsair,Corsair iCUE 5000D RGB AIRFLOW,ATX Mid Tower
Corsair,Corsair iCUE 5000D RGB AIRFLOW iCUE Lighting Node PRO,ATX Mid Tower
Corsair,Corsair iCUE 5000T RGB,ATX Mid Tower
Corsair,Corsair iCUE 5000X RGB,ATX Mid Tower
Corsair,Corsair iCUE 5000X RGB Glitch,ATX Mid Tower
Corsair,Corsair iCUE 5000X RGB Neon Night,ATX Mid Tower
Corsair,Corsair iCUE 5000X RGB Planetary,ATX Mid Tower
Corsair,Corsair iCUE 5000X RGB QL Edition,ATX Mid Tower
Corsair,Corsair iCUE 5000X RGB Shift,ATX Mid Tower
Corsair,Corsair iCUE 5000X RGB Triptych,ATX Mid Tower
Corsair,Corsair iCUE 7000X RGB,ATX Full Tower
Corsair,Corsair Obsidian 500D RGB SE,ATX Mid Tower
Corsair,Corsair Obsidian Series 1000D,ATX Full Tower
Corsair,Corsair Obsidian Series 450D,ATX Mid Tower
Corsair,Corsair Obsidian Series 500D Premium,ATX Mid Tower
Corsair,Corsair Obsidian Series 550D,ATX Mid Tower
Corsair,Corsair Obsidian Series 650D,ATX Mid Tower
Corsair,Corsair Obsidian Series 700D,ATX Full Tower
Corsair,Corsair Obsidian Series 750D,ATX Full Tower
Corsair,Corsair Obsidian Series 800D,ATX Full Tower
Corsair,Corsair Obsidian Series 900D,ATX Full Tower
Corsair,Corsair SPEC-OMEGA RGB,ATX Mid Tower
Corsair,Corsair SPEC-OMEGA RGB Newegg Edition,ATX Mid Tower
Corsair,Corsair Vengeance C70,ATX Mid Tower
Deepcool,Deepcool CC560,ATX Mid Tower
Deepcool,Deepcool CC560 ARGB,ATX Mid Tower
Deepcool,Deepcool CC560 ARGB V2,ATX Mid Tower
Deepcool,Deepcool CC560 FS,ATX Mid Tower
Deepcool,Deepcool CC560 Limited,ATX Mid Tower
Deepcool,Deepcool CC560 V2,ATX Mid Tower
Deepcool,Deepcool CG540,ATX Mid Tower
Deepcool,Deepcool CG560,ATX Mid Tower
Deepcool,Deepcool CH510,ATX Mid Tower
Deepcool,Deepcool CH510 MESH DIGITAL,ATX Mid Tower
Deepcool,Deepcool CH560,ATX Mid Tower
Deepcool,Deepcool CH560 DIGITAL,ATX Mid Tower
Deepcool,Deepcool CH780,ATX Full Tower
Deepcool,Deepcool CK500,ATX Mid Tower
Deepcool,Deepcool CK500 WH,ATX Mid Tower
Deepcool,Deepcool CK560,ATX Mid Tower
Deepcool,Deepcool CL500,ATX Mid Tower
Deepcool,Deepcool CL500 4F,ATX Mid Tower
Deepcool,Deepcool CYCLOPS,ATX Mid Tower
Deepcool,Deepcool D-Shield,ATX Mid Tower
Deepcool,Deepcool D-Shield V2,ATX Mid Tower
Deepcool,Deepcool Dukase,ATX Mid Tower
Deepcool,Deepcool EARLKASE RGB,ATX Mid Tower
Deepcool,Deepcool Earlkase RGB V2,ATX Mid Tower
Deepcool,Deepcool E-Shield,ATX Mid Tower
Deepcool,Deepcool Gamer Storm MACUBE 550,ATX Mid Tower
Deepcool,Deepcool Gamer Storm NEW ARK 90SE,ATX Mid Tower
Deepcool,Deepcool KENDOMEN,ATX Mid Tower
Deepcool,Deepcool LANDKING,ATX Mid Tower
Deepcool,Deepcool LANDKING V2,ATX Mid Tower
Deepcool,Deepcool MACUBE 310,ATX Mid Tower
Deepcool,Deepcool MACUBE 310P,ATX Mid Tower
Deepcool,Deepcool MATREXX 50,ATX Mid Tower
Deepcool,Deepcool MATREXX 50 ADD-RGB 3F,ATX Mid Tower
Deepcool,Deepcool MATREXX 50 ADD-RGB 4F,ATX Mid Tower
Deepcool,Deepcool MATREXX 50 MESH 4FS,ATX Mid Tower
Deepcool,Deepcool MATREXX 55,ATX Mid Tower
Deepcool,Deepcool MATREXX 55 ADD-RGB,ATX Mid Tower
Deepcool,Deepcool MATREXX 55 ADD-RGB WH,ATX Mid Tower
Deepcool,Deepcool MATREXX 55 A-RGB 3F,ATX Mid Tower
Deepcool,Deepcool MATREXX 55 MESH,ATX Mid Tower
Deepcool,Deepcool MATREXX 55 MESH ADD-RGB 4F,ATX Mid Tower
Deepcool,Deepcool Matrexx 55 V3,ATX Mid Tower
Deepcool,Deepcool MATREXX 55 V3 ADD-RGB 3F,ATX Mid Tower
Deepcool,Deepcool MATREXX 55 V3 ADD-RGB WH,ATX Mid Tower
Deepcool,Deepcool MATREXX 55 V3 ADD-RGB WH 3F,ATX Mid Tower
Deepcool,Deepcool MATREXX 70,ATX Mid Tower
Deepcool,Deepcool MATREXX 70 ADD-RGB 3F,ATX Mid Tower
Deepcool,Deepcool MORPHEUS,ATX Full Tower
Deepcool,Deepcool PANGU SW,ATX Mid Tower
Deepcool,Deepcool Quadstellar Infinity,ATX Mid Tower
Deepcool,Deepcool TESSERACT BF,ATX Mid Tower
Fractal,Fractal Design Arc Midi,ATX Mid Tower
Fractal,Fractal Design Arc Midi R2,ATX Mid Tower
Fractal,Fractal Design Arc XL,ATX Full Tower
Fractal,Fractal Design Core 2300,ATX Mid Tower
Fractal,Fractal Design Core 2500,ATX Mid Tower
Fractal,Fractal Design Core 3000,ATX Mid Tower
Fractal,Fractal Design Core 3000 USB 3.0,ATX Mid Tower
Fractal,Fractal Design Core 3300,ATX Mid Tower
Fractal,Fractal Design Core 3500,ATX Mid Tower
Fractal,Fractal Design Define 7,ATX Mid Tower
Fractal,Fractal Design Define 7 Compact,ATX Mid Tower
Fractal,Fractal Design Define 7 Dark,ATX Mid Tower
Fractal,Fractal Design Define 7 Light,ATX Mid Tower
Fractal,Fractal Design Define 7 XL,ATX Full Tower
Fractal,Fractal Design Define 7 XL Dark,ATX Full Tower
Fractal,Fractal Design Define 7 XL Light,ATX Full Tower
Fractal,Fractal Design Define C,ATX Mid Tower
Fractal,Fractal Design Define C TG,ATX Mid Tower
Fractal,Fractal Design Define R3,ATX Mid Tower
Fractal,Fractal Design Define R4,ATX Mid Tower
Fractal,Fractal Design Define R4 Blackout,ATX Mid Tower
Fractal,Fractal Design Define R5,ATX Mid Tower
Fractal,Fractal Design Define R5 Blackout Edition,ATX Mid Tower
Fractal,Fractal Design Define R6,ATX Mid Tower
Fractal,Fractal Design Define R6 Blackout,ATX Mid Tower
Fractal,Fractal Design Define R6 USB-C,ATX Mid Tower
Fractal,Fractal Design Define R6 USB-C Blackout,ATX Mid Tower
Fractal,Fractal Design Define S,ATX Mid Tower
Fractal,Fractal Design Define S2,ATX Mid Tower
Fractal,Fractal Design Define S2 Blackout,ATX Mid Tower
Fractal,Fractal Design Define S2 Vision Blackout,ATX Mid Tower
Fractal,Fractal Design Define S2 Vision RGB,ATX Mid Tower
Fractal,Fractal Design Define XL,ATX Full Tower
Fractal,Fractal Design Define XL R2,ATX Full Tower
Fractal,Fractal Design Focus 2,ATX Mid Tower
Fractal,Fractal Design Focus 2 RGB,ATX Mid Tower
Fractal,Fractal Design Focus G,ATX Mid Tower
Fractal,Fractal Design Meshify 2,ATX Mid Tower
Fractal,Fractal Design Meshify 2 Compact,ATX Mid Tower
Fractal,Fractal Design Meshify 2 Compact Lite,ATX Mid Tower
Fractal,Fractal Design Meshify 2 Compact Lite RGB,ATX Mid Tower
Fractal,Fractal Design Meshify 2 Compact RGB,ATX Mid Tower
Fractal,Fractal Design Meshify 2 Compact TG Dark Tint,ATX Mid Tower
Fractal,Fractal Design Meshify 2 Compact TG Light Tint,ATX Mid Tower
Fractal,Fractal Design Meshify 2 Compact White TG Clear Tint,ATX Mid Tower
Fractal,Fractal Design Meshify 2 Lite,ATX Mid Tower
Fractal,Fractal Design Meshify 2 RGB,ATX Mid Tower
Fractal,Fractal Design Meshify 2 XL,ATX Full Tower
Fractal,Fractal Design Meshify C,ATX Mid Tower
Fractal,Fractal Design Meshify S2,ATX Mid Tower
Fractal,Fractal Design North,ATX Mid Tower
Fractal,Fractal Design North XL,ATX Full Tower
Fractal,Fractal Design Pop Air,ATX Mid Tower
Fractal,Fractal Design Pop Air RGB,ATX Mid Tower
Fractal,Fractal Design Pop Silent,ATX Mid Tower
Fractal,Fractal Design Pop XL Air,ATX Full Tower
Fractal,Fractal Design Pop XL Silent,ATX Full Tower
Fractal,Fractal Design Torrent,ATX Mid Tower
Fractal,Fractal Design Torrent Compact,ATX Mid Tower
Fractal,Fractal Design Torrent Compact RGB,ATX Mid Tower
Fractal,Fractal Design Torrent RGB,ATX Mid Tower
Fractal,Fractal Design Vector RS,ATX Mid Tower
Fractal,Fractal Design Vector RS Blackout,ATX Mid Tower
Lian,Lian Li ALPHA 330W,ATX Mid Tower
Lian,Lian Li ALPHA 330X,ATX Mid Tower
Lian,Lian Li ALPHA 550W,ATX Mid Tower
Lian,Lian Li ALPHA 550X,ATX Mid Tower
Lian,Lian Li K60B,ATX Mid Tower
Lian,Lian Li LANCOOL 205,ATX Mid Tower
Lian,Lian Li LANCOOL 205 Mesh,ATX Mid Tower
Lian,Lian Li LANCOOL 205 Mesh C,ATX Mid Tower
Lian,Lian Li LANCOOL 206,ATX Mid Tower
Lian,Lian Li LANCOOL 215,ATX Mid Tower
Lian,Lian Li LANCOOL 216,ATX Mid Tower
Lian,Lian Li Lancool II Mesh,ATX Mid Tower
Lian,Lian Li Lancool II Mesh C Performance,ATX Mid Tower
Lian,Lian Li Lancool II Mesh C RGB,ATX Mid Tower
Lian,Lian Li LANCOOL III,ATX Mid Tower
Lian,Lian Li LANCOOL III RGB,ATX Mid Tower
Lian,Lian Li LANCOOL II-W,ATX Mid Tower
Lian,Lian Li LANCOOL II-X,ATX Mid Tower
Lian,Lian Li LANCOOL ONE,ATX Mid Tower
Lian,Lian Li LANCOOL ONE Digital,ATX Mid Tower
Lian,Lian Li LanCool PC-K57,ATX Mid Tower
Lian,Lian Li O11 Air Mini,ATX Mid Tower
Lian,Lian Li O11 Air Mini Glass,ATX Mid Tower
Lian,Lian Li O11 Dynamic EVO,ATX Mid Tower
Lian,Lian Li O11 Dynamic EVO,ATX Mid Tower
Lian,Lian Li O11 Dynamic EVO XL,ATX Full Tower
Lian,Lian Li O11 Dynamic Mini,ATX Mid Tower
Lian,Lian Li O11 Dynamic Mini Snow Edition,ATX Mid Tower
Lian,Lian Li O11 Vision,ATX Mid Tower
Lian,Lian Li O11 Vision Chrome,ATX Mid Tower
Lian,Lian Li O11D EVO RGB,ATX Mid Tower
Lian,Lian Li O11D XL-A,ATX Full Tower
Lian,Lian Li O11D XL-W,ATX Full Tower
Lian,Lian Li O11D XL-X,ATX Full Tower
Lian,Lian Li O11D-PCMR,ATX Full Tower
Lian,Lian Li ODYSSEY X,ATX Full Tower
Lian,Lian Li PC-100,ATX Mid Tower
Lian,Lian Li PC-10N,ATX Mid Tower
Lian,Lian Li PC-6,ATX Mid Tower
Lian,Lian Li PC-60FN,ATX Mid Tower
Lian,Lian Li PC-60FN USB3.0,ATX Mid Tower
Lian,Lian Li PC-60FNWX,ATX Mid Tower
Lian,Lian Li PC-7B PLUS II,ATX Mid Tower
Lian,Lian Li PC-7FN,ATX Mid Tower
Lian,Lian Li PC-7FN USB 3.0,ATX Mid Tower
Lian,Lian Li PC-7FNWX,ATX Mid Tower
Lian,Lian Li PC-7H,ATX Mid Tower
Lian,Lian Li PC-7N,ATX Mid Tower
Lian,Lian Li PC-8FI,ATX Mid Tower
Lian,Lian Li PC-8N,ATX Mid Tower
Lian,Lian Li PC-8NW USB3.0,ATX Mid Tower
Lian,Lian Li PC-8NWX,ATX Mid Tower
Lian,Lian Li PC-90,ATX Full Tower
Lian,Lian Li PC-9F,ATX Mid Tower
Lian,Lian Li PC-9N,ATX Mid Tower
Lian,Lian Li PC-A05FNA,ATX Mid Tower
Lian,Lian Li PC-A05FNB,ATX Mid Tower
Lian,Lian Li PC-A05N,ATX Mini Tower
Lian,Lian Li PC-A06FB,ATX Mid Tower
Lian,Lian Li PC-A51,ATX Mini Tower
Lian,Lian Li PC-A55,ATX Mid Tower
Lian,Lian Li PC-A61,ATX Mid Tower
Lian,Lian Li PC-A70F,ATX Full Tower
Lian,Lian Li PC-A70F USB3.0,ATX Mid Tower
Lian,Lian Li PC-A71F,ATX Full Tower
Lian,Lian Li PC-A71F USB3.0,ATX Mid Tower
Lian,Lian Li PC-A75,ATX Full Tower
Lian,Lian Li PC-A76,ATX Full Tower
Lian,Lian Li PC-A76WX,ATX Full Tower
Lian,Lian Li PC-A77F,ATX Full Tower
Lian,Lian Li PC-A79,ATX Full Tower
Lian,Lian Li PC-B10,ATX Mid Tower
Lian,Lian Li PC-B10 USB3.0,ATX Mid Tower
Lian,Lian Li PC-B12,ATX Mid Tower
Lian,Lian Li PC-B16,ATX Mid Tower
Lian,Lian Li PC-B25F,ATX Mid Tower
Lian,Lian Li PC-B25FWB,ATX Mid Tower
Lian,Lian Li PC-B70,ATX Full Tower
Lian,Lian Li PC-D600,ATX Full Tower
Lian,Lian Li PC-D8000,ATX Full Tower
Lian,Lian Li PC-K56,ATX Mid Tower
Lian,Lian Li PC-K56 N,ATX Mid Tower
Lian,Lian Li PC-K56N USB 3.0,ATX Mid Tower
Lian,Lian Li PC-K56W,ATX Mid Tower
Lian,Lian Li PC-K57W,ATX Mid Tower
Lian,Lian Li PC-K58,ATX Mid Tower
Lian,Lian Li PC-K59,ATX Mid Tower
Lian,Lian Li PC-K62,ATX Mid Tower
Lian,Lian Li PC-K62R1,ATX Mid Tower
Lian,Lian Li PC-K63,ATX Mid Tower
Lian,Lian Li PC-K65,ATX Mid Tower
Lian,Lian Li PC-K69,ATX Mid Tower
Lian,Lian Li PC-K7B USB3.0,ATX Mid Tower
Lian,Lian Li PC-K9B,ATX Mid Tower
Lian,Lian Li PC-K9WX,ATX Mid Tower
Lian,Lian Li PC-O10,ATX Mid Tower
Lian,Lian Li PC-O11,ATX Full Tower
Lian,Lian Li PC-O11 Air,ATX Full Tower
Lian,Lian Li PC-O11 Dynamic,ATX Full Tower
Lian,Lian Li PC-O11 Dynamic Razer,ATX Full Tower
Lian,Lian Li PC-O11AIR RGB,ATX Full Tower
Lian,Lian Li PC-O11ROG,ATX Full Tower
Lian,Lian Li PC-O8X,ATX Mid Tower
Lian,Lian Li PC-O9,ATX Mid Tower
Lian,Lian Li PC-P50,ATX Mid Tower
Lian,Lian Li PC-P50WB,ATX Mid Tower
Lian,Lian Li PC-P80,ATX Full Tower
Lian,Lian Li PC-P80NB,ATX Full Tower
Lian,Lian Li PC-TU300,ATX Mid Tower
Lian,Lian Li PC-V1000L,ATX Full Tower
Lian,Lian Li PC-V1020,ATX Mid Tower
Lian,Lian Li PC-V1200Bplus II,ATX Mid Tower
Lian,Lian Li PC-V2120,ATX Full Tower
Lian,Lian Li PC-V2130,ATX Full Tower
Lian,Lian Li PC-V3000,ATX Full Tower
Lian,Lian Li PC-V33,ATX Mid Tower
Lian,Lian Li PC-V650,ATX Mini Tower
Lian,Lian Li PC-V700,ATX Mid Tower
Lian,Lian Li PC-V750,ATX Full Tower
Lian,Lian Li PC-X1000,ATX Mid Tower
Lian,Lian Li PC-X2000F,ATX Full Tower
Lian,Lian Li PC-X2000FNB,ATX Full Tower
Lian,Lian Li PC-X500FX,ATX Mid Tower
Lian,Lian Li PC-X510,ATX Mid Tower
Lian,Lian Li PC-X900,ATX Mid Tower
Lian,Lian Li PC-Z60B,ATX Mid Tower
Lian,Lian Li PC-Z70B,ATX Full Tower
Lian,Lian Li V3000 PLUS,ATX Full Tower
Lian,Lian Li V3000 PLUS White GGF Edition,ATX Full Tower
Montech,Montech AIR 1000 LITE,ATX Mid Tower
Montech,Montech AIR 1000 PREMIUM,ATX Mid Tower
Montech,Montech AIR 1000 SILENT,ATX Mid Tower
Montech,Montech Air 900 ARGB,ATX Mid Tower
Montech,Montech Air 900 MESH,ATX Mid Tower
Montech,Montech AIR 903 BASE,ATX Mid Tower
Montech,Montech AIR 903 MAX,ATX Mid Tower
Montech,Montech AIR X Black,ATX Mid Tower
Montech,Montech AIR X White,ATX Mid Tower
Montech,Montech Fighter 500,ATX Mid Tower
Montech,Montech KING 95,ATX Mid Tower
Montech,Montech KING 95 PRO,ATX Mid Tower
Montech,Montech SKY ONE LITE,ATX Mid Tower
Montech,Montech SKY TWO,ATX Mid Tower
Montech,Montech X1,ATX Mid Tower
Montech,Montech X2 Mesh,ATX Mid Tower
Montech,Montech X3 Glass,ATX Mid Tower
Montech,Montech X3 Mesh,ATX Mid Tower
MSI,MSI Creator 400M,ATX Mid Tower
MSI,MSI MAG BUNKER,ATX Mid Tower
MSI,MSI MAG FORGE 100M,ATX Mid Tower
MSI,MSI MAG FORGE 100M Lite,ATX Mid Tower
MSI,MSI MAG FORGE 100R,ATX Mid Tower
MSI,MSI MAG FORGE 110R,ATX Mid Tower
MSI,MSI MAG FORGE 111R,ATX Mid Tower
MSI,MSI MAG FORGE 112R,ATX Mid Tower
MSI,MSI MAG FORGE 320R AIRFLOW,ATX Mid Tower
MSI,MSI MAG PYLON,ATX Mid Tower
MSI,MSI MAG SHIELD 110A,ATX Mid Tower
MSI,MSI MAG SHIELD 110R,ATX Mid Tower
MSI,MSI MAG VAMPIRIC 010,ATX Mid Tower
MSI,MSI MAG VAMPIRIC 010X,ATX Mid Tower
MSI,MSI MAG VAMPIRIC 011C,ATX Mid Tower
MSI,MSI MAG VAMPIRIC 100L,ATX Mid Tower
MSI,MSI MAG VAMPIRIC 100R,ATX Mid Tower
MSI,MSI MAG VAMPIRIC 300R,ATX Mid Tower
MSI,MSI MAG VAMPIRIC 300R MIDNIGHT GREEN,ATX Mid Tower
MSI,MSI MAG VAMPIRIC 300R PACIFIC BLUE,ATX Mid Tower
MSI,MSI MEG MAESTRO 700L PZ,ATX Mid Tower
MSI,MSI MEG PROSPECT 700R,ATX Mid Tower
MSI,MSI MEG PROSPECT 700RL,ATX Mid Tower
MSI,MSI MPG GUNGNIR 100,ATX Mid Tower
MSI,MSI MPG GUNGNIR 100D,ATX Mid Tower
MSI,MSI MPG GUNGNIR 110M,ATX Mid Tower
MSI,MSI MPG GUNGNIR 110R,ATX Mid Tower
MSI,MSI MPG GUNGNIR 110R EVA e-PROJECT,ATX Mid Tower
MSI,MSI MPG GUNGNIR 111M,ATX Mid Tower
MSI,MSI MPG GUNGNIR 111R,ATX Mid Tower
MSI,MSI MPG GUNGNIR 120R,ATX Mid Tower
MSI,MSI MPG GUNGNIR 300R AIRFLOW,ATX Mid Tower
MSI,MSI MPG Quietude 100S,ATX Mid Tower
MSI,MSI MPG Sekira 100P,ATX Mid Tower
MSI,MSI MPG Sekira 100R,ATX Mid Tower
MSI,MSI MPG Sekira 500G,ATX Mid Tower
MSI,MSI MPG Sekira 500P,ATX Mid Tower
MSI,MSI MPG SEKIRA 500X,ATX Mid Tower
MSI,MSI MPG VELOX 100P AIRFLOW,ATX Mid Tower
MSI,MSI MPG VELOX 100R,ATX Mid Tower
MSI,MSI Ravager,ATX Mid Tower
MSI,MSI Stealth,ATX Mid Tower
MSI,MSI TC,ATX Mid Tower
NZXT,NZXT Alpha,ATX Mid Tower
NZXT,NZXT Apollo,ATX Mid Tower
NZXT,NZXT Beta,ATX Mid Tower
NZXT,NZXT Beta Evo,ATX Mid Tower
NZXT,NZXT CRFT 08 H510 Valhalla,ATX Mid Tower
NZXT,NZXT Cyberpunk 2077 H710i,ATX Mid Tower
NZXT,NZXT Gamma Classic,ATX Mid Tower
NZXT,NZXT Guardian 921 RB,ATX Mid Tower
NZXT,NZXT H2,ATX Mid Tower
NZXT,NZXT H230,ATX Mid Tower
NZXT,NZXT H440,ATX Mid Tower
NZXT,NZXT H440 EnVyUs,ATX Mid Tower
NZXT,NZXT H440 Hyper Beast,ATX Mid Tower
NZXT,NZXT H5 Elite,ATX Mid Tower
NZXT,NZXT H5 Flow,ATX Mid Tower
NZXT,NZXT H5 Flow RGB,ATX Mid Tower
NZXT,NZXT H500,ATX Mid Tower
NZXT,NZXT H500 Overwatch,ATX Mid Tower
NZXT,NZXT H500 Vault Boy,ATX Mid Tower
NZXT,NZXT H500i,ATX Mid Tower
NZXT,NZXT H510,ATX Mid Tower
NZXT,NZXT H510 Alliance,ATX Mid Tower
NZXT,NZXT H510 Elite,ATX Mid Tower
NZXT,NZXT H510 Flow,ATX Mid Tower
NZXT,NZXT H510 Horde,ATX Mid Tower
NZXT,NZXT H510 Siege,ATX Mid Tower
NZXT,NZXT H510i,ATX Mid Tower
NZXT,NZXT H510i All Might,ATX Mid Tower
NZXT,NZXT H510i Phantom Gaming,ATX Mid Tower
NZXT,NZXT H510i Rivals,ATX Mid Tower
NZXT,NZXT H6 Flow,ATX Mid Tower
NZXT,NZXT H6 Flow RGB,ATX Mid Tower
NZXT,NZXT H630,ATX Full Tower
NZXT,NZXT H7,ATX Mid Tower
NZXT,NZXT H7 Elite (2022),ATX Mid Tower
NZXT,NZXT H7 Elite (2023),ATX Mid Tower
NZXT,NZXT H7 Flow,ATX Mid Tower
NZXT,NZXT H7 Flow RGB,ATX Mid Tower
NZXT,NZXT H700,ATX Mid Tower
NZXT,NZXT H700 Nuka-Cola,ATX Mid Tower
NZXT,NZXT H700 PUBG,ATX Mid Tower
NZXT,NZXT H700i,ATX Mid Tower
NZXT,NZXT H700i Ninja,ATX Mid Tower
NZXT,NZXT H710,ATX Mid Tower
NZXT,NZXT H710i,ATX Mid Tower
NZXT,NZXT H9 Elite,ATX Mid Tower
NZXT,NZXT H9 Flow,ATX Mid Tower
NZXT,NZXT Hades,ATX Mid Tower
NZXT,NZXT Hush,ATX Mid Tower
NZXT,NZXT Lexa Blackline,ATX Mid Tower
NZXT,NZXT Lexa S,ATX Mid Tower
NZXT,NZXT M59 - 001BK,ATX Mid Tower
NZXT,NZXT Noctis 450,ATX Mid Tower
NZXT,NZXT Phantom,ATX Full Tower
NZXT,NZXT Phantom 240,ATX Mid Tower
NZXT,NZXT Phantom 410,ATX Mid Tower
NZXT,NZXT Phantom 530,ATX Full Tower
NZXT,NZXT Phantom 630,ATX Full Tower
NZXT,NZXT Phantom 820,ATX Full Tower
NZXT,NZXT S340,ATX Mid Tower
NZXT,NZXT S340 Elite,ATX Mid Tower
NZXT,NZXT S340 Elite Hyper Beast,ATX Mid Tower
NZXT,NZXT S340 Razer,ATX Mid Tower
NZXT,NZXT Source 210,ATX Mid Tower
NZXT,NZXT Source 210 Elite,ATX Mid Tower
NZXT,NZXT Source 220,ATX Mid Tower
NZXT,NZXT Source 530,ATX Full Tower
NZXT,NZXT Switch 810,ATX Full Tower
NZXT,NZXT Tempest 210,ATX Mid Tower
NZXT,NZXT Tempest 410,ATX Mid Tower
NZXT,NZXT Tempest 410 Elite,ATX Mid Tower
NZXT,NZXT Tempest EVO,ATX Mid Tower
NZXT,NZXT Whisper,ATX Full Tower
NZXT,NZXT Zero 2,ATX Full Tower
Phanteks,Phanteks Eclipse G300A (1 Fan),ATX Mid Tower
Phanteks,Phanteks Eclipse G300A (3 Fan),ATX Mid Tower
Phanteks,Phanteks Eclipse G360A,ATX Mid Tower
Phanteks,Phanteks ECLIPSE G500A DRGB,ATX Mid Tower
Phanteks,Phanteks ECLIPSE G500A DRGB (Fanless),ATX Mid Tower
Phanteks,Phanteks ECLIPSE G500A Performance,ATX Mid Tower
Phanteks,Phanteks Eclipse P300,ATX Mid Tower
Phanteks,Phanteks Eclipse P300A Mesh,ATX Mid Tower
Phanteks,Phanteks Eclipse P350X,ATX Mid Tower
Phanteks,Phanteks Eclipse P360A,ATX Mid Tower
Phanteks,Phanteks Eclipse P360X,ATX Mid Tower
Phanteks,Phanteks Eclipse P400,ATX Mid Tower
Phanteks,Phanteks Eclipse P400A,ATX Mid Tower
Phanteks,Phanteks Eclipse P400A Digital,ATX Mid Tower
Phanteks,Phanteks Eclipse P400S,ATX Mid Tower
Phanteks,Phanteks Eclipse P500A,ATX Mid Tower
Phanteks,Phanteks Eclipse P500A D-RGB,ATX Mid Tower
Phanteks,Phanteks Eclipse P600S,ATX Mid Tower
Phanteks,Phanteks Enthoo 719,ATX Full Tower
Phanteks,Phanteks Enthoo Elite,ATX Full Tower
Phanteks,Phanteks Enthoo EVOLV ATX,ATX Mid Tower
Phanteks,Phanteks Enthoo EVOLV ATX TG,ATX Mid Tower
Phanteks,Phanteks Enthoo Luxe,ATX Full Tower
Phanteks,Phanteks Enthoo Luxe TG,ATX Full Tower
Phanteks,Phanteks Enthoo Primo,ATX Full Tower
Phanteks,Phanteks Enthoo Pro,ATX Full Tower
Phanteks,Phanteks Enthoo Pro 2,ATX Full Tower
Phanteks,Phanteks Enthoo Pro 2 Server Edition,ATX Full Tower
Phanteks,Phanteks Enthoo Pro M,ATX Mid Tower
Phanteks,Phanteks Enthoo Pro M TG,ATX Mid Tower
Phanteks,Phanteks Enthoo Pro Tempered Glass,ATX Full Tower
Phanteks,Phanteks Enthoo Series Primo Aluminum,ATX Full Tower
Phanteks,Phanteks Evolv X,ATX Mid Tower
Phanteks,Phanteks NV5,ATX Mid Tower
Phanteks,Phanteks NV7,ATX Full Tower
Phanteks,Phanteks NV9,ATX Full Tower
Phanteks,Phanteks XT PRO,ATX Mid Tower
Phanteks,Phanteks XT PRO ULTRA,ATX Mid Tower
Phanteks,Phanteks XT View,ATX Mid Tower
Tecware,Tecware Forge S,ATX Mid Tower
Tecware,Tecware Nexus,ATX Mid Tower
Tecware,Tecware Nexus Evo RGB,ATX Mid Tower
Tecware,Tecware Vega L,ATX Mid Tower
