Intel,Core i9-14900KF,LGA 1700,131
Intel,Core i9-14900K,LGA 1700,131
Intel,Core i9-13900KS,LGA 1700,131
Intel,Core i7-14700KF,LGA 1700,130
Intel,Core i7-14700K,LGA 1700,130
Intel,Core i9-13900KF,LGA 1700,129
Intel,Core i9-13900K,LGA 1700,129
Intel,Core i7-13700KF,LGA 1700,126
Intel,Core i7-13700K,LGA 1700,126
Intel,Core i9-13900F,LGA 1700,124
Intel,Core i9-13900,LGA 1700,124
Intel,Core i5-14600KF,LGA 1700,123
Intel,Core i5-14600K,LGA 1700,123
Intel,Core i5-13600KF,LGA 1700,122
Intel,Core i5-13600K,LGA 1700,122
Intel,Core i7-13700F,LGA 1700,121
Intel,Core i7-13700,LGA 1700,121
Intel,Core i9-12900KS,LGA 1700,119
Intel,Core i9-12900KF,LGA 1700,117
Intel,Core i9-12900K,LGA 1700,117
Intel,Core i5-13600,LGA 1700,116
Intel,Core i7-12700KF,LGA 1700,114
Intel,Core i7-12700K,LGA 1700,114
Intel,Core i9-12900F,LGA 1700,113
Intel,Core i5-13500,LGA 1700,113
Intel,Core i9-12900,LGA 1700,111
Intel,Core i7-12700F,LGA 1700,109
Intel,Core i5-12600KF,LGA 1700,109
Intel,Core i5-12600K,LGA 1700,109
Intel,Core i7-12700,LGA 1700,108
Intel,Core i5-13400F,LGA 1700,106
Intel,Core i5-13400,LGA 1700,106
AMD,Ryzen 7 5800X3D,AM4,104
Intel,Core i9-11900KF,LGA 1200,104
Intel,Core i9-11900K,LGA 1200,103
Intel,Core i7-11700KF,LGA 1200,102
Intel,Core i5-12600,LGA 1700,102
Intel,Core i7-11700K,LGA 1200,101
AMD,Ryzen 9 5950X,AM4,100
AMD,Ryzen 5 5600X3D,AM4,100
Intel,Core i9-11900F,LGA 1200,100
Intel,Core i9-11900,LGA 1200,99.9
Intel,Core i9-10900K,LGA 1200,99.6
Intel,Core i9-10900KF,LGA 1200,99.5
Intel,Core i5-11600K,LGA 1200,99.3
Intel,Core i5-11600KF,LGA 1200,99.1
Intel,Core i9-10850K,LGA 1200,98.9
Intel,Core i5-12500,LGA 1700,98.9
AMD,Ryzen 9 5900X,AM4,98.8
Intel,Core i7-11700F,LGA 1200,98.3
Intel,Core i5-12400,LGA 1700,98.2
Intel,Core i7-11700,LGA 1200,98.1
AMD,Ryzen 7 5800X,AM4,98
Intel,Core i5-12400F,LGA 1700,98
AMD,Ryzen 9 5900,AM4,97.1
Intel,Core i5-11600,LGA 1200,97
Intel,Core i7-10700K,LGA 1200,96.5
Intel,Core i7-10700KF,LGA 1200,96.3
AMD,Ryzen 7 5700X,AM4,96.1
Intel,Core i5-11500,LGA 1200,96.1
Intel,Core i3-13100F,LGA 1700,96
Intel,Core i3-13100,LGA 1700,96
AMD,Ryzen 7 5800,AM4,95.9
AMD,Ryzen 5 5600X,AM4,95.9
Intel,Core i3-12300,LGA 1700,95.9
Intel,Core i9-10900F,LGA 1200,95.4
Intel,Core i5-11400F,LGA 1200,94.2
Intel,Core i5-11400,LGA 1200,94.2
Intel,Core i3-12100,LGA 1700,94.2
Intel,Core i3-12100F,LGA 1700,94.1
Intel,Core i9-10900,LGA 1200,94
Intel,Core i7-10700F,LGA 1200,93.2
AMD,Ryzen 5 5600,AM4,92.7
Intel,Core i7-10700,LGA 1200,92.6
Intel,Core i5-10600K,LGA 1200,92.2
Intel,Core i5-10600KF,LGA 1200,91.9
AMD,Ryzen 7 5700G,AM4,90.9
Intel,Core i5-10600,LGA 1200,90.2
Intel,Core i3-10320,LGA 1200,89.6
AMD,Ryzen 9 3950X,AM4,89.3
AMD,Ryzen 9 3900XT,AM4,88.7
AMD,Ryzen 5 5600G,AM4,88.2
AMD,Ryzen 7 3800XT,AM4,88.1
AMD,Ryzen 9 3900X,AM4,87.9
Intel,Core i3-10300,LGA 1200,87.4
Intel,Core i9-10920X,LGA 1200,87.2
AMD,Ryzen 7 3800X,AM4,87
AMD,Ryzen 5 5500,AM4,86.1
AMD,Ryzen 7 3700X,AM4,85.9
Intel,Core i9-10940X,LGA 1200,85.7
Intel,Core i9-10900T,LGA 1200,85.5
Intel,Core i5-10600T,LGA 1200,85.3
Intel,Core i7-10700T,LGA 1200,85.2
Intel,Core i5-10400F,LGA 1200,85.2
Intel,Core i9-10900X,LGA 1200,85.1
AMD,Ryzen 5 3600XT,AM4,84.8
Intel,Core i5-10400,LGA 1200,84.5
Intel,Core i9-10980XE,LGA 1200,84.2
Intel,Core i5-10500,LGA 1200,84.2
AMD,Ryzen 5 3600X,AM4,84.1
AMD,Ryzen 5 3600,AM4,83.1
Intel,Core i3-10105F,LGA 1200,82.2
AMD,Ryzen 5 3500X,AM4,81.7
AMD,Ryzen 5 3500,AM4,80.9
Intel,Core i3-10100F,LGA 1200,80.4
Intel,Core i3-10100,LGA 1200,79.9
AMD,Ryzen 3 3300X,AM4,79.7
Intel,Core i3-10300T,LGA 1200,78.6
Intel,Core i5-10500T,LGA 1200,78.2
Intel,Core i5-10400T,LGA 1200,78.1
Intel,Core i3-10100T,LGA 1200,77.2
AMD,Ryzen 3 5300G,AM4,77
AMD,Ryzen 3 3100,AM4,74.6
AMD,Ryzen 5 3400G,AM4,68.1
AMD,Ryzen 3 3200G,AM4,62.7
