﻿Nvidia,RTX 4090,371,RTX 4090
MSI,MSI RTX 4090 24GB Suprim X,371,RTX 4090
MSI,MSI RTX 4090 24GB Suprim Liquid X,371,RTX 4090
MSI,MSI RTX 4090 24GB Gaming X Trio,371,RTX 4090
Gigabyte,Gigabyte RTX 4090 24GB Gaming OC,371,RTX 4090
Asus,Asus RTX 4090 24GB TUF Gaming OC,371,RTX 4090
Zotac,Zotac RTX 4080 16GB AMP Extreme,291,RTX 4080
Nvidia,RTX 4080,291,RTX 4080
MSI,MSI RTX 4080 16GB Ventus 3X,291,RTX 4080
MSI,MSI RTX 4080 16GB Suprim X,291,RTX 4080
MSI,MSI RTX 4080 16GB Gaming X Trio,291,RTX 4080
Gigabyte,Gigabyte RTX 4080 16GB Gaming OC,291,RTX 4080
Asus,Asus RTX 4080 16GB TUF Gaming OC,291,RTX 4080
AMD,RX 7900-XTX,256,RX 7900 XTX
Zotac,Zotac RTX 4070 Ti 12GB Trinity,240,RTX 4070 Ti
Nvidia,RTX 4070-Ti,240,RTX 4070 Ti
MSI,MSI RTX 4070 Ti 12GB Ventus 3X OC,240,RTX 4070 Ti
MSI,MSI RTX 4070 Ti 12GB Gaming X Trio,240,RTX 4070 Ti
Gigabyte,Gigabyte RTX 4070 Ti 12GB Eagle OC,240,RTX 4070 Ti
Gigabyte,Gigabyte RTX 4070 Ti 12GB 3X OC,240,RTX 4070 Ti
Asus,Asus RTX 4070 Ti 12GB TUF Gaming OC,240,RTX 4070 Ti
Asus,Asus RTX 4070 Ti 12GB TUF Gaming,240,RTX 4070 Ti
Nvidia,RTX 3090-Ti,232,RTX 3090 Ti
AMD,RX 7900-XT,220,RX 7900 XT
Zotac,Zotac RTX 3090 24GB Trinity OC,210,RTX 3090
Nvidia,RTX 3090,210,RTX 3090
MSI,MSI RTX 3090 24GB Ventus 3X OC,210,RTX 3090
MSI,MSI RTX 3090 24GB Gaming X Trio OC,210,RTX 3090
EVGA,EVGA RTX 3090 24GB XC3 Ultra Gaming,210,RTX 3090
Asus,Asus RTX 3090 24GB Tuf OC,210,RTX 3090
Asus,Asus RTX 3090 24GB ROG Strix,210,RTX 3090
Zotac,Zotac RTX 3080 Ti 12GB Trinity OC,204,RTX 3080 Ti
Nvidia,RTX 3080-Ti,204,RTX 3080 Ti
MSI,MSI RTX 3080 Ti 12GB Ventus 3X OC,204,RTX 3080 Ti
MSI,MSI RTX 3080 Ti 12GB Suprim X,204,RTX 3080 Ti
MSI,MSI RTX 3080 Ti 12GB Gaming X Trio OC,204,RTX 3080 Ti
Gigabyte,Gigabyte RTX 3080 Ti 12GB Vision OC,204,RTX 3080 Ti
Gigabyte,Gigabyte RTX 3080 Ti 12GB Gaming OC,204,RTX 3080 Ti
Gigabyte,Gigabyte RTX 3080 Ti 12GB Eagle,204,RTX 3080 Ti
Gigabyte,Gigabyte RTX 3080 Ti 12GB Aorus Master,204,RTX 3080 Ti
EVGA,EVGA RTX 3080 Ti 12GB XC3 Ultra Gaming,204,RTX 3080 Ti
EVGA,EVGA RTX 3080 Ti 12GB FTW3 Ultra Gaming,204,RTX 3080 Ti
Asus,Asus RTX 3080 Ti 12GB Tuf OC,204,RTX 3080 Ti
Asus,Asus RTX 3080 Ti 12GB ROG Strix OC,204,RTX 3080 Ti
AMD,RX 6950-XT,199,RX 6950 XT
AMD,RX 6900-XT,195,RX 6900 XT
Nvidia,RTX 4070,190,RTX 4070
MSI,MSI RTX 4070 12GB Ventus 3X OC,190,RTX 4070
MSI,MSI RTX 4070 12GB Ventus 2X,190,RTX 4070
MSI,MSI RTX 4070 12GB Gaming X Trio,190,RTX 4070
Gigabyte,Gigabyte RTX 4070 12GB 3X Windforce,190,RTX 4070
Asus,Asus RTX 4070 12GB Dual OC,190,RTX 4070
Asus,Asus RTX 4070 12GB Dual,190,RTX 4070
AMD,RX 7800-XT,190,RX 7800 XT
Zotac,Zotac RTX 3080 10GB Trinity OC,187,RTX 3080
Nvidia,RTX 3080,187,RTX 3080
MSI,MSI RTX 3080 10GB Ventus 3X OC,187,RTX 3080
MSI,MSI RTX 3080 10GB Gaming Z Trio,187,RTX 3080
Gigabyte,Gigabyte RTX 3080 10GB Vision OC,187,RTX 3080
Gigabyte,Gigabyte RTX 3080 10GB Gaming OC,187,RTX 3080
Gigabyte,Gigabyte RTX 3080 10GB Aorus Master,187,RTX 3080
EVGA,EVGA RTX 3080 10GB FTW3 Ultra Gaming,187,RTX 3080
Asus,Asus RTX 3080 10GB Tuf OC,187,RTX 3080
AMD,RX 6800-XT,171,RX 6800
AMD,RX 7700-XT,170,RX 7700 XT
Zotac,Zotac RTX 3070 Ti 8GB Trinity OC,158,RTX 3070 Ti
Zotac,Zotac RTX 3070 Ti 8GB AMP Holo,158,RTX 3070 Ti
Nvidia,RTX 3070-Ti,158,RTX 3070 Ti
MSI,MSI RTX 3070 Ti 8GB Ventus 3X OC,158,RTX 3070 Ti
MSI,MSI RTX 3070 Ti 8GB Suprim X,158,RTX 3070 Ti
Nvidia,Inno3D RTX 3070 Ti 8GB 3X OC,158,RTX 3070 Ti
Gigabyte,Gigabyte RTX 3070 Ti 8GB Vision OC,158,RTX 3070 Ti
Gigabyte,Gigabyte RTX 3070 Ti 8GB Gaming OC,158,RTX 3070 Ti
EVGA,EVGA RTX 3070 Ti 8GB FTW3 Ultra Gaming,158,RTX 3070 Ti
Asus,Asus RTX 3070 Ti 8GB Tuf OC,158,RTX 3070
Zotac,Zotac RTX 2080 Ti 11GB GAMING AMP SPECTRA RGB,156,RTX 2080
Nvidia,RTX 2080-Ti,156,RTX 2080 Ti
MSI,MSI RTX 2080 Ti 11GB Gaming,156,RTX 2080 Ti
Gigabyte,Gigabyte RTX 2080 Ti 11GB Xtreme,156,RTX 2080 Ti
Gigabyte,Gigabyte RTX 2080 Ti 11GB Gaming OC,156,RTX 2080 Ti
EVGA,EVGA RTX 2080 Ti 11GB FTW3 Ultra Gaming,156,RTX 2080 Ti
EVGA,EVGA RTX 2080 Ti 11GB Black,156,RTX 2080 Ti
Asus,Asus RTX 2080 Ti 11GB ROG Strix,156,RTX 2080 Ti
Asus,Asus RTX 2080 Ti 11GB Dual-fan OC,156,RTX 2080 Ti
Zotac,Zotac RTX 3070 8GB Twin Edge OC,148,RTX 3070
Nvidia,RTX 3070,148,RTX 3070
MSI,MSI RTX 3070 8GB Ventus 3X OC,148,RTX 3070
MSI,MSI RTX 3070 8GB Ventus 2X OC,148,RTX 3070
Gigabyte,Gigabyte RTX 3070 8GB Vision OC,148,RTX 3070
Gigabyte,Gigabyte RTX 3070 8GB Gaming OC,148,RTX 3070
Gigabyte,Gigabyte RTX 3070 8GB Aorus,148,RTX 3070
EVGA,EVGA RTX 3070 8GB FTW3 Ultra Gaming,148,RTX 3070
Nvidia,RTX 4060-Ti,145,RTX 4060 Ti
MSI,MSI RTX 4060 Ti 8GB Ventus 3X OC,145,RTX 4060 Ti
MSI,MSI RTX 4060 Ti 8GB Ventus 2x,145,RTX 4060 Ti
MSI,MSI RTX 4060 Ti 8GB Gaming X Trio,145,RTX 4060 Ti
MSI,MSI RTX 4060 Ti 8GB Gaming X,145,RTX 4060 Ti
Gigabyte,Gigabyte RTX 4060 Ti 8GB Gaming OC,145,RTX 4060 Ti
Gigabyte,Gigabyte RTX 4060 Ti 8GB Eagle,145,RTX 4060 Ti
Asus,Asus RTX 4060 Ti 8GB Dual,145,RTX 4060 Ti
AMD,RX 6800,143,RX 6800
Asus,Asus RX 6800 16GB TUF OC,143,RX 6800
Nvidia,RTX 2080S (Super),131,RTX 2080 (Super)
MSI,MSI RTX 2080 Super 8GB Ventus XS OC,131,RTX 2080 (Super)
MSI,MSI RTX 2080 Super 8GB Ventus OC,131,RTX 2080 (Super)
MSI,MSI RTX 2080 Super 8GB Gaming X,131,RTX 2080 (Super)
Gigabyte,Gigabyte RTX 2080 Super 8GB Windforce,131,RTX 2080 (Super)
Gigabyte,Gigabyte RTX 2080 Super 8GB Gaming,131,RTX 2080 (Super)
Gigabyte,Gigabyte RTX 2080 Super 8GB Aorus Windforce,131,RTX 2080 (Super)
EVGA,EVGA RTX 2080 Super 8GB XC Ultra,131,RTX 2080 (Super)
EVGA,EVGA RTX 2080 Super 8GB KO Dual,131,RTX 2080 (Super)
EVGA,EVGA RTX 2080 Super 8GB Black Gaming,131,RTX 2080 (Super)
Asus,Asus RTX 2080 Super 8GB ROG Strix O8G,131,RTX 2080 (Super)
Asus,Asus RTX 2080 Super 8GB ROG Strix A8G,131,RTX 2080 (Super)
AMD,RX 6750-XT,130,RX 6750 XT
Zotac,Zotac RTX 3060 Ti 8GB Twin Edge OC,128,RTX 3060 Ti
Nvidia,RTX 3060-Ti,128,RTX 3060 Ti
MSI,MSI RTX 3060 Ti 8GB Ventus 3X OC,128,RTX 3060 Ti
MSI,MSI RTX 3060 Ti 8GB Ventus 2X OC,128,RTX 3060 Ti
MSI,MSI RTX 3060 Ti 8GB Ventus 2X,128,RTX 3060
MSI,MSI RTX 3060 Ti 8GB Gaming X Trio,128,RTX 3060 Ti
MSI,MSI RTX 3060 Ti 8GB Gaming X,128,RTX 3060
Gigabyte,Gigabyte RTX 3060 Ti 8GB Gaming OC Pro,128,RTX 3060 Ti
Gigabyte,Gigabyte RTX 3060 Ti 8GB Gaming OC,128,RTX 3060
Gigabyte,Gigabyte RTX 3060 Ti 8GB Eagle OC,128,RTX 3060
Nvidia,RTX 2080,124,RTX 2080
MSI,MSI RTX 2080 8GB Gaming X Trio,124,RTX 2080
Gigabyte,Gigabyte RTX 2080 8GB Windforce OC,124,RTX 2080
Gigabyte,Gigabyte RTX 2080 8GB Gaming OC,124,RTX 2080
EVGA,EVGA RTX 2080 8GB XC Ultra Gaming,124,RTX 2080
EVGA,EVGA RTX 2080 8GB XC Gaming,124,RTX 2080
Asus,Asus RTX 2080 8GB ROG STRIX,124,RTX 2080
Asus,Asus RTX 2080 8GB Dual OC,124,RTX 2080
Nvidia,Zotac GTX 1080 Ti 11GB Founders Edition,124,GTX 1080 Ti
MSI,MSI GTX 1080 TI 11GB Gaming X,124,GTX 1080 Ti
Nvidia,MSI GTX 1080 Ti 11GB Founders Edition,124,GTX 1080 Ti
Nvidia,GTX 1080-Ti,124,GTX 1080 Ti
Nvidia,Gigabyte GTX 1080 Ti 11GB Founders Edition,124,GTX 1080 Ti
Gigabyte,Gigabyte GTX 1080 Ti 11GB AORUS Xtreme,124,GTX 1080 Ti
Gigabyte,Gigabyte GTX 1080 Ti 11GB AORUS,124,GTX 1080 Ti
EVGA,EVGA GTX 1080 Ti 11GB SC2 Gaming,124,GTX 1080 Ti
EVGA,EVGA GTX 1080 Ti 11GB SC Black,124,GTX 1080 Ti
EVGA,EVGA GTX 1080 Ti 11GB FTW3 Gaming,124,GTX 1080 Ti
EVGA,EVGA GTX 1080 Ti 11GB Founders Edition,124,GTX 1080 Ti
Asus,Asus GTX 1080 Ti 11GB ROG Strix OC,124,GTX 1080 Ti
Asus,Asus GTX 1080 Ti 11GB ROG Strix,124,GTX 1080 Ti
Asus,Asus GTX 1080 Ti 11GB Gaming OC,124,GTX 1080 Ti
Asus,Asus GTX 1080 Ti 11GB Founders Edition,124,GTX 1080 Ti
Nvidia,RTX 4060,122,RTX 4060
MSI,MSI RTX 4060 8GB Ventus 2X OC,122,RTX 4060
Gigabyte,Gigabyte RTX 4060 8GB Windforce OC,122,RTX 4060
Gigabyte,Gigabyte RTX 4060 8GB Gaming OC,122,RTX 4060
Gigabyte,Gigabyte RTX 4060 8GB Eagle OC,122,RTX 4060
Asus,Asus RTX 4060 8GB Dual OC,122,RTX 4060
AMD,RX 6700-XT,122,RX 6700 XT
Zotac,Zotac RTX 2070 Super 8GB Mini,115,RTX 2070 (Super)
Nvidia,RTX 2070S (Super),115,RTX 2070 (Super)
MSI,MSI RTX 2070 Super 8GB Ventus,115,RTX 2070 (Super)
MSI,MSI RTX 2070 Super 8GB Gaming X,115,RTX 2070 (Super)
Gigabyte,Gigabyte RTX 2070 Super 8GB Gaming,115,RTX 2070 (Super)
Gigabyte,Gigabyte RTX 2070 Super 8GB 3X Windforce,115,RTX 2070 (Super)
Gigabyte,Gigabyte RTX 2070 Super 8GB 3X Gaming,115,RTX 2070 (Super)
EVGA,EVGA RTX 2070 Super 8GB Super Black Gaming,115,RTX 2070 (Super)
EVGA,EVGA RTX 2070 Super 8GB SC XC Ultra Gaming,115,RTX 2070 (Super)
EVGA,EVGA RTX 2070 Super 8GB KO Gaming,115,RTX 2070 (Super)
Asus,Asus RTX 2070 Super 8GB Dual Evo,115,RTX 2070 (Super)
AMD,RX 7600,115,RX 7600
Intel,Arc A770,110,Arc A770
AMD,RX 6650-XT,110,RX 6650 XT
AMD,RX 6700,108,RX 6700
XFX,XFX RX 6600 XT 8GB Speedster SWFT 210,107,RX 6600 XT
Sapphire,Sapphire RX 6600 XT 8GB Pulse,107,RX 6600 XT
AMD,RX 6600-XT,107,RX 6600 XT
PowerColor,PowerColor RX 6600 XT 8GB Fighter,107,RX 6600
MSI,MSI RX 6600 XT 8GB Mech 2X OC,107,RX 6600 XT
MSI,MSI RX 6600 XT 8GB Gaming X,107,RX 6600
Gigabyte,Gigabyte RX 6600 XT 8GB Gaming OC Pro,107,RX 6600 XT
Asus,Asus RX 6600 XT 8GB Dual,107,RX 6600
ASRock,ASRock RX 6600 XT 8GB Challenger D OC,107,RX 6600 XT
Zotac,Zotac RTX 2070 8GB Mini,104,RTX 2070
Nvidia,RTX 2070,104,RTX 2070
MSI,MSI RTX 2070 8GB Tri Frozr,104,RTX 2070
MSI,MSI RTX 2070 8GB Gaming Z,104,RTX 2070
MSI,MSI RTX 2070 8GB Armor OC,104,RTX 2070
Gigabyte,Gigabyte RTX 2070 8GB Windforce,104,RTX 2070
Gigabyte,Gigabyte RTX 2070 8GB Gaming OC,104,RTX 2070
EVGA,EVGA RTX 2070 8GB XC Ultra Gaming,104,RTX 2070
EVGA,EVGA RTX 2070 8GB XC Gaming Dual HDB,104,RTX 2070
EVGA,EVGA RTX 2070 8GB Black Gaming,104,RTX 2070
Asus,Asus RTX 2070 8GB ROG STRIX,104,RTX 2070
Asus,Asus RTX 2070 8GB Dual,104,RTX 2070
Nvidia,Zotac GTX 1080 8GB Founders Edition,102,GTX 1080
Zotac,Zotac GTX 1080 8GB AMP Extreme,102,GTX 1080
Zotac,Zotac GTX 1080 8GB AMP,102,GTX 1080
MSI,MSI GTX 1080 8GB GAMING X,102,GTX 1080
Nvidia,MSI GTX 1080 8GB Founders Edition,102,GTX 1080
Nvidia,GTX 1080,102,GTX 1080
Gigabyte,Gigabyte GTX 1080 8GB Xtreme Water,102,GTX 1080
Gigabyte,Gigabyte GTX 1080 8GB Xtreme Pack,102,GTX 1080
Gigabyte,Gigabyte GTX 1080 8GB Xtreme,102,GTX 1080
Gigabyte,Gigabyte GTX 1080 8GB Windforce,102,GTX 1080
Gigabyte,Gigabyte GTX 1080 8GB Turbo,102,GTX 1080
Gigabyte,Gigabyte GTX 1080 8GB G1 Gaming,102,GTX 1080
Nvidia,Gigabyte GTX 1080 8GB Founders Edition,102,GTX 1080
EVGA,EVGA GTX 1080 8GB SC GAMING ACX 3.0,102,GTX 1080
EVGA,EVGA GTX 1080 8GB FTW2,102,GTX 1080
EVGA,EVGA GTX 1080 8GB FTW ACX 3.0,102,GTX 1080
EVGA,EVGA GTX 1080 8GB Founders Edition,102,GTX 1080
Asus,Asus GTX 1080 8GB ROG STRIX,102,GTX 1080
Asus,ASUS GTX 1080 8GB Founders Edition,102,GTX 1080
Intel,Arc A750,101,Arc A750
AMD,Sapphire Radeon VII 16GB,101,Radeon VII
AMD,Radeon-VII,101,Radeon VII
AMD,Asus Radeon VII 16GB,101,Radeon VII
Zotac,Zotac RTX 3060 12GB Twin Edge OC,100,RTX 3060
Nvidia,RTX 3060,100,RTX 3060
MSI,MSI RTX 3060 12GB Ventus 2X,100,RTX 3060
MSI,MSI RTX 3060 12GB Gaming X,100,RTX 3060
Gigabyte,Gigabyte RTX 3060 12GB Gaming OC,100,RTX 3060
Gigabyte,Gigabyte RTX 3060 12GB Eagle OC,100,RTX 3060
EVGA,EVGA RTX 3060 12GB XC Gaming,100,RTX 3060
Asus,Asus RTX 3060 12GB Tuf OC,100,RTX 3060
Asus,Asus RTX 3060 12GB Dual OC,100,RTX 3060
Zotac,Zotac RTX 2060 Super 8GB Mini Gaming,99.8,RTX 2060
Nvidia,RTX 2060S (Super),99.8,RTX 2060 (Super)
MSI,MSI RTX 2060 Super 8GB Gaming X,99.8,RTX 2060 (Super)
Gigabyte,Gigabyte RTX 2060 Super 8GB Windforce OC,99.8,RTX 2060 (Super)
Gigabyte,Gigabyte RTX 2060 Super 8GB Gaming,99.8,RTX 2060 (Super)
Gigabyte,Gigabyte RTX 2060 Super 8GB Aorus,99.8,RTX 2060 (Super)
EVGA,EVGA RTX 2060 Super 8GB SC XC Ultra Gaming,99.8,RTX 2060 (Super)
EVGA,EVGA RTX 2060 Super 8GB SC Ultra Gaming,99.8,RTX 2060 (Super)
EVGA,EVGA RTX 2060 8GB Super SC Black,99.8,RTX 2060 (Super)
XFX,XFX RX 5700 XT 8GB Thicc III Ultra,98.3,RX 5700 XT
XFX,XFX RX 5700 XT 8GB Thicc III,98.3,RX 5700 XT
AMD,XFX RX 5700 XT 8GB,98.3,RX 5700 XT
Sapphire,Sapphire RX 5700 XT 8GB Pulse,98.3,RX 5700 XT
Sapphire,Sapphire RX 5700 XT 8GB Nitro+,98.3,RX 5700 XT
AMD,Sapphire RX 5700 XT 8GB,98.3,RX 5700 XT
AMD,RX 5700-XT,98.3,RX 5700 XT
PowerColor,PowerColor RX 5700 XT 8GB Red Dragon,98.3,RX 5700 XT
PowerColor,PowerColor RX 5700 XT 8GB Red Devil,98.3,RX 5700 XT
AMD,PowerColor RX 5700 XT 8GB,98.3,RX 5700 XT
AMD,MSI RX 5700 XT 8GB Gaming,98.3,RX 5700 XT
Gigabyte,Gigabyte RX 5700 XT 8GB Gaming OC,98.3,RX 5700 XT
AMD,Gigabyte RX 5700 XT 8GB,98.3,RX 5700 XT
Asus,Asus RX 5700 XT 8GB TUF Gaming 3,98.3,RX 5700 XT
Asus,Asus RX 5700 XT 8GB ROG Strix ,98.3,RX 5700 XT
AMD,Asus RX 5700 XT 8GB,98.3,RX 5700 XT
AMD,RX 5700XT 50th Anniversary,98.2,RX 5700 XT
AMD,XFX RX Vega 64 8GB LC,93.8,RX Vega 64
AMD,Sapphire RX Vega 64 8GB LC,93.8,RX Vega 64
AMD,Gigabyte RX Vega 64 8GB LC,93.8,RX Vega 64
MSI,MSI GTX 1070 Ti 8GB TITANIUM,93.7,GTX 1070 Ti
MSI,MSI GTX 1070 Ti 8GB Gaming,93.7,GTX 1070 Ti
MSI,MSI GTX 1070 Ti 8GB Aero,93.7,GTX 1070 Ti
Nvidia,GTX 1070-Ti,93.7,GTX 1070 Ti
Gigabyte,Gigabyte GTX 1070 Ti 8GB Gaming OC,93.7,GTX 1070 Ti
Gigabyte,Gigabyte GTX 1070 Ti 8GB Gaming,93.7,GTX 1070 Ti
EVGA,EVGA GTX 1070 Ti 8GB SC GAMING,93.7,GTX 1070 Ti
EVGA,EVGA GTX 1070 Ti 8GB FTW2 GAMING,93.7,GTX 1070 Ti
EVGA,EVGA GTX 1070 Ti 8GB FTW ULTRA SILENT GAMING,93.7,GTX 1070 Ti
Asus,Asus GTX 1070 Ti 8GB STRIX,93.7,GTX 1070 Ti
Asus,Asus GTX 1070 Ti 8GB ROG Strix Gaming,93.7,GTX 1070 Ti
Zotac,Zotac RTX 2060 6GB Twin,89.8,RTX 2060
Nvidia,RTX 2060,89.8,RTX 2060
MSI,MSI RTX 2060 6GB Ventus XS,89.8,RTX 2060
MSI,MSI RTX 2060 6GB Ventus,89.8,RTX 2060
MSI,MSI RTX 2060 6GB Gaming Z,89.8,RTX 2060
Gigabyte,Gigabyte RTX 2060 6GB Windforce OC,89.8,RTX 2060
Gigabyte,Gigabyte RTX 2060 6GB Gaming OC Pro ,89.8,RTX 2060
Gigabyte,Gigabyte RTX 2060 6GB Gaming OC,89.8,RTX 2060
EVGA,EVGA RTX 2060 KO 6GB Ultra Gaming,89.8,RTX 2060
EVGA,EVGA RTX 2060 KO 6GB Gaming,89.8,RTX 2060
EVGA,EVGA RTX 2060 6GB XC Ultra Gaming,89.8,RTX 2060
EVGA,EVGA RTX 2060 6GB Gaming,89.8,RTX 2060
Asus,Asus RTX 2060 6GB ROG STRIX,89.8,RTX 2060
AMD,XFX RX Vega 64 8GB,86.6,RX Vega 64
AMD,Sapphire RX Vega 64 8GB,86.6,RX Vega 64
MSI,MSI RX Vega 64 8GB Gaming Air Boost,86.6,Vega 64 8GB
Gigabyte,Gigabyte RX Vega 64 8GB Gaming OC,86.6,RX Vega 64
AMD,Gigabyte RX Vega 64 8GB,86.6,RX Vega 64
Asus,Asus RX Vega 64 8GB ROG Strix Gaming,86.6,Vega 64 8GB
AMD,Radeon Vega Frontier Edition Air,86.4,Vega
AMD,Radeon RX 7600S,86.3,Radeon RX 7600S
XFX,XFX RX 6600 8GB Speedster SWFT 210,85.9,RX 6600
Sapphire,Sapphire RX 6600 8GB Pulse,85.9,RX 6600
AMD,RX 6600,85.9,RX 6600
PowerColor,PowerColor RX 6600 8GB Hellhound,85.9,RX 6600
PowerColor,PowerColor RX 6600 8GB Fighter,85.9,RX 6600
MSI,MSI RX 6600 8GB Mech 2X OC,85.9,RX 6600
Gigabyte,Gigabyte RX 6600 8GB Eagle,85.9,RX 6600
Asus,Asus RX 6600 8GB Dual,85.9,RX 6600
XFX,XFX RX 5700 8GB DD Ultra,85,RX 5700
AMD,XFX RX 5700 8GB,85,RX 5700
Sapphire,Sapphire RX 5700 8GB Pulse,85,RX 5700
AMD,Sapphire RX 5700 8GB,85,RX 5700
AMD,RX 5700,85,RX 5700
PowerColor,PowerColor RX 5700 8GB Red Devil,85,RX 5700
AMD,PowerColor RX 5700 8GB,85,RX 5700
MSI,MSI RX 5700 8GB Mech,85,RX 5700
MSI,MSI RX 5700 8GB Evoke OC,85,RX 5700
AMD,MSI RX 5700 8GB,85,RX 5700
Gigabyte,Gigabyte RX 5700 8GB Gaming OC,85,RX 5700
XFX,XFX RX 5600 XT 6GB Thicc II PRO,83.5,RX 5600 XT
Sapphire,Sapphire RX 5600 XT 6GB Pulse,83.5,RX 5600 XT
AMD,RX 5600-XT,83.5,RX 5600 XT
PowerColor,PowerColor RX 5600 XT 6GB Red Devil,83.5,RX 5600 XT
MSI,MSI RX 5600 XT 6GB Gaming MX,83.5,RX 5600 XT
Gigabyte,Gigabyte RX 5600 XT 6GB Windforce OC,83.5,RX 5600 XT
Gigabyte,Gigabyte RX 5600 XT 6GB Gaming OC,83.5,RX 5600 XT
Nvidia,ZOTAC GTX 1070 8GB Founders Edition ,79.7,GTX 1070
Zotac,Zotac GTX 1070 8GB AMP! Extreme,79.7,GTX 1070
Nvidia,PNY GTX 1070 8GB Founders Edition,79.7,GTX 1070
Nvidia,MSI GTX 1070 Founders Edition,79.7,GTX 1070
MSI,MSI GTX 1070 8GB SEA HAWK X,79.7,GTX 1070
MSI,MSI GTX 1070 8GB GAMING X,79.7,GTX 1070
MSI,MSI GTX 1070 8GB Gaming,79.7,GTX 1070
MSI,MSI GTX 1070 8GB ARMOR OC,79.7,GTX 1070
Nvidia,GTX 1070,79.7,GTX 1070
Gigabyte,Gigabyte GTX 1070 8GB XTREME,79.7,GTX 1070
Gigabyte,Gigabyte GTX 1070 8GB Windforce OC,79.7,GTX 1070
Gigabyte,Gigabyte GTX 1070 8GB Mini ITX OC,79.7,GTX 1070
Gigabyte,Gigabyte GTX 1070 8GB G1 Gaming,79.7,GTX 1070
Nvidia,Gigabyte GTX 1070 8GB Founders Edition,79.7,GTX 1070
Gainward,Gainward GTX 1070 8GB Phoenix GS,79.7,GTX 1070
EVGA,EVGA GTX 1070 8GB SC Gaming ACX 3.0,79.7,GTX 1070
EVGA,EVGA GTX 1070 8GB SC GAMING,79.7,GTX 1070
EVGA,EVGA GTX 1070 8GB Gaming ACX 3.0,79.7,GTX 1070
EVGA,EVGA GTX 1070 8GB FTW2,79.7,GTX 1070
EVGA,EVGA GTX 1070 8GB FTW Gaming,79.7,GTX 1070
EVGA,EVGA GTX 1070 8GB FTW DT Gaming,79.7,GTX 1070
EVGA,EVGA GTX 1070 8GB Founders Edition,79.7,GTX 1070
Asus,Asus GTX 1070 8GB Turbo,79.7,GTX 1070
Asus,Asus GTX 1070 8GB STRIX OC,79.7,GTX 1070
Asus,Asus GTX 1070 8GB STRIX,79.7,GTX 1070
Asus,ASUS GTX 1070 8GB Founders Edition,79.7,GTX 1070
Asus,Asus GTX 1070 8GB Dual OC,79.7,GTX 1070
AMD,XFX RX Vega 56 8GB,78,RX Vega 56
Sapphire,Sapphire RX Vega 56 8GB Pulse,78,RX Vega 56
AMD,Sapphire RX Vega 56 8GB,78,RX Vega 56
MSI,MSI RX Vega 56 8GB Gaming Air Boost,78,Vega 56 8GB
Gigabyte,Gigabyte RX Vega 56 8GB OC,78,RX Vega 56
AMD,Gigabyte RX Vega 56 8GB,78,RX Vega 56
ASRock,ASRock RX Vega 56 8GB Phantom Gaming X,78,Vega 56 8GB
AMD,RX 6700M,76.9,RX 6700M
MSI,MSI GTX 1660 Ti 6GB Ventus XS OC,76,GTX 1660 Ti
MSI,MSI GTX 1660 Ti 6GB Gaming X,76,GTX 1660 Ti
Nvidia,GTX 1660-Ti,76,GTX 1660 Ti
Gigabyte,Gigabyte GTX 1660 Ti 6GB Windforce OC,76,GTX 1660 Ti
Gigabyte,Gigabyte GTX 1660 Ti 6GB OC,76,GTX 1660 Ti
EVGA,EVGA GTX 1660 Ti 6GB XC Gaming,76,GTX 1660 Ti
EVGA,EVGA GTX 1660 Ti 6GB Black Gaming,76,GTX 1660 Ti
Asus,Asus GTX 1660 Ti 6GB Phoenix,76,GTX 1660 Ti
Asus,Asus GTX 1660 Ti 6GB Dual,76,GTX 1660 Ti
Zotac,Zotac RTX 3050 8GB Twin Edge OC,74.8,RTX 3050
Nvidia,RTX 3050,74.8,RTX 3050
MSI,MSI RTX 3050 8GB Ventus 2X OC,74.8,RTX 3050
MSI,MSI RTX 3050 8GB Gaming X,74.8,RTX 3050
Gigabyte,Gigabyte RTX 3050 8GB Gaming OC,74.8,RTX 3050
Gigabyte,Gigabyte RTX 3050 8GB Eagle OC,74.8,RTX 3050
EVGA,EVGA RTX 3050 8GB XC Gaming,74.8,RTX 3050
Asus,Asus RTX 3050 8GB ROG Strix OC,74.8,RTX 3050
Asus,Asus RTX 3050 8GB Phoenix,74.8,RTX 3050
Asus,Asus RTX 3050 8GB Dual OC,74.8,RTX 3050
Zotac,Zotac GTX 1660 Super 6GB Compact,71.4,GTX 1660 (Super)
MSI,MSI GTX 1660 Super 6GB Ventus XS OC,71.4,GTX 1660 (Super)
MSI,MSI GTX 1660 Super 6GB Gaming X,71.4,GTX 1660 (Super)
Nvidia,GTX 1660S (Super),71.4,GTX 1660 (Super)
Gigabyte,Gigabyte GTX 1660 Super 6GB OC,71.4,GTX 1660 (Super)
EVGA,EVGA GTX 1660 Super 6GB SC Ultra Gaming,71.4,GTX 1660 (Super)
Asus,Asus GTX 1660 Super 6GB TUF Gaming,71.4,GTX 1660 (Super)
Asus,Asus GTX 1660 Super 6GB Dual Evo,71.4,GTX 1660 (Super)
Zotac,Zotac GTX 1660 6GB Gaming Compact,68.3,GTX 1660
Zotac,Zotac GTX 1660 6GB Compact,68.3,GTX 1660
MSI,MSI GTX 1660 6GB Ventus XS OC,68.3,GTX 1660
MSI,MSI GTX 1660 6GB Gaming X,68.3,GTX 1660
Nvidia,GTX 1660,68.3,GTX 1660
Gigabyte,Gigabyte GTX 1660 6GB OC,68.3,GTX 1660
Gigabyte,Gigabyte GTX 1660 6GB Gaming OC,68.3,GTX 1660
EVGA,EVGA GTX 1660 6GB XC Ultra Gaming,68.3,GTX 1660
EVGA,EVGA GTX 1660 6GB XC Black,68.3,GTX 1660
EVGA,EVGA GTX 1660 6GB  SC Ultra Dual,68.3,GTX 1660
Asus,Asus GTX 1660 6GB Phoenix,68.3,GTX 1660
Zotac,Zotac GTX 1650 Super 4GB Gaming,58.7,GTX 1650 (Super)
MSI,MSI GTX 1650 Super 4GB Ventus XS,58.7,GTX 1650 (Super)
MSI,MSI GTX 1650 Super 4GB Gaming X,58.7,GTX 1650 (Super)
Nvidia,GTX 1650S (Super),58.7,GTX 1650 (Super)
Gigabyte,Gigabyte GTX 1650 Super 4GB 2x Windforce,58.7,GTX 1650 (Super)
EVGA,EVGA GTX 1650 Super 4GB SC Ultra,58.7,GTX 1650 (Super)
Asus,Asus GTX 1650 Super 4GB TUF Gaming,58.7,GTX 1650 (Super)
Asus,Asus GTX 1650 Super 4GB Phoenix,58.7,GTX 1650 (Super)
Zotac,Zotac GTX 1060 6GB Mini,56.1,GTX 1060
Zotac,Zotac GTX 1060 6GB AMP,56.1,GTX 1060
PNY,PNY GTX 1060 6GB OC,56.1,GTX 1060
PNY,PNY GTX 1060 6GB,56.1,GTX 1060
MSI,MSI GTX 1060 6GB Gaming X,56.1,GTX 1060
MSI,MSI GTX 1060 6GB Gaming,56.1,GTX 1060
MSI,MSI GTX 1060 6GB 6GT OCV1,56.1,GTX 1060
MSI,MSI GTX 1060 6G Armor OCV1,56.1,GTX 1060
MSI,MSI GTX 1060 6G Armor OC,56.1,GTX 1060
Nvidia,GTX 1060-6GB,56.1,GTX 1060
Gigabyte,Gigabyte GTX 1060 6GB Xtreme Gaming,56.1,GTX 1060
Gigabyte,Gigabyte GTX 1060 6GB Windforce OC,56.1,GTX 1060
Gigabyte,Gigabyte GTX 1060 6GB G1 Gaming R2,56.1,GTX 1060
Gigabyte,Gigabyte GTX 1060 6GB G1 Gaming,56.1,GTX 1060
EVGA,EVGA GTX 1060 6GB Gaming SSC,56.1,GTX 1060
EVGA,EVGA GTX 1060 6GB Gaming SC,56.1,GTX 1060
EVGA,EVGA GTX 1060 6GB Gaming,56.1,GTX 1060
Asus,Asus GTX 1060 6GB TURBO,56.1,GTX 1060
Asus,Asus GTX 1060 6GB ROG STRIX OC,56.1,GTX 1060
Asus,Asus GTX 1060 6GB ROG STRIX,56.1,GTX 1060
Asus,Asus GTX 1060 6GB Dual OC,56.1,GTX 1060
Gainward, Gainward GTX 1060 6GB Pheonix GS,56.1,GTX 1060
Zotac,Zotac GTX 1060 3GB Mini,52,GTX 1060
MSI,MSI GTX 1060 3GB Gaming X,52,GTX 1060
MSI,MSI GTX 1060 3GB ARMOR 3G OCV1,52,GTX 1060
MSI,MSI GTX 1060 3GB 3GT OC,52,GTX 1060
Nvidia,GTX 1060-3GB,52,GTX 1060
Gigabyte,Gigabyte GTX 1060 3GB Windforce OC,52,GTX 1060
Gigabyte,Gigabyte GTX 1060 3GB Mini ITX OC,52,GTX 1060
Gigabyte,Gigabyte GTX 1060 3GB G1 Gaming R2,52,GTX 1060
Gigabyte,Gigabyte GTX 1060 3GB G1 Gaming,52,GTX 1060
EVGA,EVGA GTX 1060 3GB SC Gaming,52,GTX 1060
EVGA,EVGA GTX 1060 3GB Gaming,52,GTX 1060
Asus,Asus GTX 1060 3GB Dual OC,52,GTX 1060
XFX,XFX RX 5600 XT 8GB Thicc II PRO,51,RX 5600 XT
AMD,RX 5500-XT,51,RX 5500 XT
XFX,XFX RX 6500 XT 4GB Speedster QICK210,50.1,RX 6500 XT
Sapphire,Sapphire RX 6500 XT 4GB Pulse,50.1,RX 6500 XT
AMD,RX 6500-XT,50.1,RX 6500 XT
PowerColor,PowerColor RX 6500 XT 4GB,50.1,RX 6500 XT
Gigabyte,Gigabyte RX 6500 XT 4GB Gaming OC,50.1,RX 6500 XT
Gigabyte,Gigabyte RX 6500 XT 4GB Eagle,50.1,RX 6500 XT
Asus,Asus RX 6500 XT 4GB TUF Gaming OC,50.1,RX 6500 XT
ASRock,ASRock RX 6500 XT 4GB Phantom Gaming D OC,50.1,RX 6500 XT
ASRock,ASRock RX 6500 XT 4GB Challenger ITX,50.1,RX 6500 XT
AMD,RX 5500,50.1,RX 5500
Zotac,Zotac GTX 1650 4GB OC Compact,42.8,GTX 1650
MSI,MSI GTX 1650 4GB Ventus XS OC,42.8,GTX 1650
MSI,MSI GTX 1650 4GB Gaming X,42.8,GTX 1650
Nvidia,GTX 1650,42.8,GTX 1650
Gigabyte,Gigabyte GTX 1650 4GB OC,42.8,GTX 1650
Gigabyte,Gigabyte GTX 1650 4GB Mini ITX OC,42.8,GTX 1650
EVGA,EVGA GTX 1650 4GB XC Gaming,42.8,GTX 1650
Asus,Asus GTX 1650 4GB Phoenix,42.8,GTX 1650
AMD,Radeon Pro 5500M,39.3,Radeon Pro 5500M
Intel,Arc A380,38,Arc A380
AMD,RX 6400,36,RX 6400
AMD,Radeon Pro 5300M,34.3,Radeon Pro 5300M
Zotac,Zotac GTX 1050 Ti 4GB Twin,29.3,GTX 1050 Ti
Zotac,Zotac GTX 1050 Ti 4GB Mini,29.3,GTX 1050 Ti
PNY,PNY GTX 1050 Ti 4GB Single,29.3,GTX 1050 Ti
MSI,MSI GTX 1050 Ti 4GB OC Twin,29.3,GTX 1050 Ti
MSI,MSI GTX 1050 Ti 4GB OC,29.3,GTX 1050 Ti
MSI,MSI GTX 1050 Ti 4GB GAMING X,29.3,GTX 1050 Ti
Nvidia,GTX 1050-Ti,29.3,GTX 1050 Ti
Gigabyte,Gigabyte GTX 1050 Ti 4GB Twin,29.3,GTX 1050 Ti
Gigabyte,Gigabyte GTX 1050 Ti 4GB OC Low Profile,29.3,GTX 1050 Ti
Gigabyte,Gigabyte GTX 1050 Ti 4GB OC,29.3,GTX 1050 Ti
Gigabyte,Gigabyte GTX 1050 Ti 4GB G1 GAMING,29.3,GTX 1050 Ti
Gigabyte,Gigabyte GTX 1050 Ti 4GB 1430 MHz,29.3,GTX 1050 Ti
EVGA,EVGA GTX 1050 Ti 4GB SSC GAMING ACX 3.0,29.3,GTX 1050 Ti
EVGA,EVGA GTX 1050 Ti 4GB SC Single Fan,29.3,GTX 1050 Ti
EVGA,EVGA GTX 1050 Ti 4GB Gaming Single Fan,29.3,GTX 1050 Ti
EVGA,EVGA GTX 1050 Ti 4GB FTW GAMING ACX 3.0,29.3,GTX 1050 Ti
Asus,Asus GTX 1050 Ti 4GB ROG STRIX,29.3,GTX 1050 Ti
Asus,Asus GTX 1050 Ti 4GB Expedition,29.3,GTX 1050 Ti
Asus,Asus GTX 1050 Ti 4GB Cerberus OC,29.3,GTX 1050 Ti
Zotac,Zotac GTX 1050 2GB Mini,25.7,GTX 1050
PNY,PNY GTX 1050 2GB,25.7,GTX 1050
MSI,MSI GTX 1050 2GB TWIN OC,25.7,GTX 1050
MSI,MSI GTX 1050 2GB OC,25.7,GTX 1050
MSI,MSI GTX 1050 2GB GAMING X,25.7,GTX 1050
Nvidia,GTX 1050,25.7,GTX 1050
Gigabyte,Gigabyte GTX 1050 2GB Windforce,25.7,GTX 1050
Gigabyte,Gigabyte GTX 1050 2GB OC Single,25.7,GTX 1050
Gigabyte,Gigabyte GTX 1050 2GB OC,25.7,GTX 1050
EVGA,EVGA GTX 1050 2GB SSC GAMING,25.7,GTX 1050
EVGA,EVGA GTX 1050 2GB SC GAMING,25.7,GTX 1050
EVGA,EVGA GTX 1050 2GB GAMING,25.7,GTX 1050
Asus,Asus GTX 1050 2GB Phoenix,25.7,GTX 1050
Asus,Asus GTX 1050 2GB Expedition,25.7,GTX 1050
