ASRock,ASRock B660M Pro RS,Micro ATX,LGA1700
ASRock,ASRock A520M-HDV,Micro ATX,AM4
ASRock,ASRock B550M Pro4,Micro ATX,AM4
ASRock,ASRock B760M-HDV/M.2,Micro ATX,LGA1700
ASRock,MSI MPG B550 GAMING PLUS,ATX,AM4
ASRock,Gigabyte B760M DS3H AX,Micro ATX,LGA1700
ASRock,MSI PRO B760M-P DDR4,Micro ATX,LGA1700
ASRock,Gigabyte B760I AORUS PRO,Mini ITX,LGA1700
ASRock,Asus ROG MAXIMUS Z790 FORMULA,ATX,LGA1700
ASRock,Gigabyte B550 GAMING X V2,ATX,AM4
ASRock,ASRock B760 Pro RS/D4,ATX,LGA1700
ASRock,ASRock B550 Phantom Gaming 4/ac,ATX,AM4
ASRock,Asus PRIME Z790-P WIFI,ATX,LGA1700
ASRock,Gigabyte Z790 AORUS ELITE X AX,ATX,LGA1700
ASRock,Gigabyte Z790 AORUS ELITE AX ICE,ATX,LGA1700
ASRock,Asus PRIME A320M-K,Micro ATX,AM4
ASRock,MSI B760M GAMING PLUS WIFI,Micro ATX,LGA1700
ASRock,Asus ROG STRIX Z790-F GAMING WIFI II,ATX,LGA1700
ASRock,Asus PRIME B660M-A WIFI D4,Micro ATX,LGA1700
ASRock,MSI PRO B550-VC,ATX,AM4
ASRock,Asus ROG MAXIMUS Z790 HERO,ATX,LGA1700
ASRock,MSI MAG B760 TOMAHAWK WIFI DDR4,ATX,LGA1700
ASRock,ASRock B550M Steel Legend,Micro ATX,AM4
ASRock,NZXT N7 B550,ATX,AM4
ASRock,Gigabyte B550M AORUS ELITE,Micro ATX,AM4
ASRock,Asus ROG STRIX Z790-I GAMING WIFI,Mini ITX,LGA1700
ASRock,Gigabyte B550 AORUS ELITE V2,ATX,AM4
ASRock,MSI MPG Z790 EDGE WIFI,ATX,LGA1700
ASRock,MSI PRO Z790-A WIFI,ATX,LGA1700
ASRock,ASRock Z690 PG Riptide,ATX,LGA1700
ASRock,Gigabyte H610M S2H V2 DDR4,Micro ATX,LGA1700
ASRock,Asus PRIME H510M-A WIFI,Micro ATX,LGA1200
ASRock,ASRock Z790 Riptide WiFi,ATX,LGA1700
ASRock,Asus ROG MAXIMUS Z790 APEX ENCORE,ATX,LGA1700
ASRock,Asus ROG STRIX Z790-F GAMING WIFI,ATX,LGA1700
ASRock,ASRock B760M PG Riptide,Micro ATX,LGA1700
ASRock,Asus PRIME H510M-K,Micro ATX,LGA1200
ASRock,ASRock B550 Phantom Gaming 4,ATX,AM4
ASRock,ASRock A520M-ITX/ac,Mini ITX,AM4
ASRock,Gigabyte Z790 AORUS MASTER X,EATX,LGA1700
ASRock,MSI MAG B550M MORTAR MAX WIFI,Micro ATX,AM4
ASRock,Gigabyte B760M D3H,Micro ATX,LGA1700
ASRock,Asus ROG STRIX X570-E GAMING WIFI II,ATX,AM4
ASRock,MSI PRO B760M-P,Micro ATX,LGA1700
ASRock,MSI MEG Z790 ACE MAX,EATX,LGA1700
ASRock,MSI MPG B760M EDGE TI WIFI,Micro ATX,LGA1700
ASRock,Asus PRIME A520M-A II/CSM,Micro ATX,AM4
ASRock,Asus ROG STRIX B760-A GAMING WIFI D4,ATX,LGA1700
ASRock,ASRock Z790 Lightning WiFi,ATX,LGA1700
ASRock,Gigabyte Z690 AORUS ELITE AX DDR4,ATX,LGA1700
ASRock,ASRock B560M-HDV,Micro ATX,LGA1200
ASRock,Gigabyte B450 AORUS PRO WIFI (rev. 1.0),ATX,AM4
ASRock,ASRock Z790 PRO RS WIFI,ATX,LGA1700
ASRock,Asus PRIME H610M-K D4,Micro ATX,LGA1700
ASRock,Asus ROG STRIX Z790-A GAMING WIFI,ATX,LGA1700
ASRock,ASRock H670M-ITX/ax,Mini ITX,LGA1700
ASRock,Asus TUF GAMING B550M-PLUS,Micro ATX,AM4
ASRock,ASRock Z790 PG LIGHTNING,ATX,LGA1700
ASRock,MSI B450 TOMAHAWK MAX II,ATX,AM4
ASRock,Gigabyte Z790 UD AX,ATX,LGA1700
ASRock,Asus PRIME H510M-E,Micro ATX,LGA1200
ASRock,ASRock B450 Pro4 R2.0,ATX,AM4
ASRock,MSI PRO Z790-A WIFI DDR4,ATX,LGA1700
ASRock,MSI MEG Z690 UNIFY,ATX,LGA1700
ASRock,ASRock X570 Steel Legend WiFi ax,ATX,AM4
ASRock,Gigabyte X570SI AORUS PRO AX,Mini ITX,AM4
ASRock,Asus ROG STRIX Z490-E GAMING,ATX,LGA1200
ASRock,NZXT N5 Z690,ATX,LGA1700
ASRock,ASRock X570 Pro4,ATX,AM4
ASRock,Asus PRIME B660M-A AC D4,Micro ATX,LGA1700
ASRock,ASRock B450 Pro4,ATX,AM4
ASRock,Gigabyte H610M H V3 DDR4,Micro ATX,LGA1700
ASRock,Gigabyte B660M DS3H AX DDR4,Micro ATX,LGA1700
ASRock,Gigabyte B760 DS3H AC,ATX,LGA1700
ASRock,Asus PRIME B550M-A/CSM,Micro ATX,AM4
ASRock,MSI MAG B660M MORTAR WIFI DDR4,Micro ATX,LGA1700
ASRock,Asus TUF GAMING B660M-PLUS WIFI D4,Micro ATX,LGA1700
ASRock,Gigabyte H610M K DDR4,Micro ATX,LGA1700
ASRock,Asus ROG STRIX X470-F Gaming,ATX,AM4
ASRock,MSI PRO Z690-P DDR4,ATX,LGA1700
ASRock,ASRock Z790 PG SONIC,ATX,LGA1700
ASRock,Gigabyte Z790 AORUS XTREME,EATX,LGA1700
ASRock,Asus ROG MAXIMUS Z690 FORMULA,ATX,LGA1700
ASRock,ASRock Z690 Taichi,ATX,LGA1700
ASRock,Gigabyte B760M GAMING X AX,Micro ATX,LGA1700
ASRock,ASRock Z690 Steel Legend WiFi 6E/D5,ATX,LGA1700
ASRock,Gigabyte X570 GAMING X,ATX,AM4
ASRock,MSI B450M PRO-M2 MAX,Micro ATX,AM4
ASRock,Asus PRIME B760M-A D4,Micro ATX,LGA1700
ASRock,Asus PRIME Z690-P WIFI D4,ATX,LGA1700
ASRock,Asus TUF GAMING B760M-PLUS D4,Micro ATX,LGA1700
ASRock,Asus PRIME Z490-A,ATX,LGA1200
ASRock,Gigabyte B760M DS3H,Micro ATX,LGA1700
ASRock,Gigabyte B560M DS3H V3,Micro ATX,LGA1200
ASRock,MSI MPG Z690 EDGE WIFI,ATX,LGA1700
ASRock,MSI MAG B660M MORTAR DDR4,Micro ATX,LGA1700
ASRock,Asus PRIME B460M-A,Micro ATX,LGA1200
ASRock,Asus TUF GAMING H570-PRO WIFI,ATX,LGA1200
ASRock,Asus ROG STRIX B760-G GAMING WIFI D4,Micro ATX,LGA1700
ASRock,Asus TUF GAMING B550M-PLUS (WI-FI),Micro ATX,AM4
ASRock,Asus TUF GAMING Z690-PLUS D4,ATX,LGA1700
ASRock,Asus ROG STRIX B660-F GAMING WIFI,ATX,LGA1700
ASRock,ASRock A320M-HDV,Micro ATX,AM4
ASRock,Gigabyte B450 AORUS PRO,ATX,AM4
ASRock,Asus PRIME H770-PLUS D4,ATX,LGA1700
ASRock,ASRock B550 PG Riptide,ATX,AM4
ASRock,MSI MAG Z590 TOMAHAWK WIFI,ATX,LGA1200
ASRock,Gigabyte B450M AORUS ELITE,Micro ATX,AM4
ASRock,MSI MAG B760M MORTAR MAX WIFI DDR4,Micro ATX,LGA1700
ASRock,Gigabyte B760M GAMING DDR4,Micro ATX,LGA1700
ASRock,ASRock B550 Taichi,ATX,AM4
ASRock,Asus PRO Q570M-C/CSM,Micro ATX,LGA1200
ASRock,MSI MPG Z490 GAMING CARBON WIFI,ATX,LGA1200
ASRock,Asus EX-A320M-GAMING,Micro ATX,AM4
ASRock,Asus ProArt B660-CREATOR D4,ATX,LGA1700
ASRock,Gigabyte Z690 AORUS MASTER,EATX,LGA1700
ASRock,MSI X370 XPOWER GAMING TITANIUM,ATX,AM4
ASRock,Asus ROG STRIX B660-A GAMING WIFI,ATX,LGA1700
ASRock,MSI MAG B560 TOMAHAWK WIFI,ATX,LGA1200
ASRock,Gigabyte Z590 AORUS MASTER,ATX,LGA1200
ASRock,ASRock X570M Pro4,Micro ATX,AM4
ASRock,MSI MEG Z490I UNIFY,Mini ITX,LGA1200
ASRock,MSI PRO B760-VC WIFI II,ATX,LGA1700
ASRock,Gigabyte B550 VISION D,ATX,AM4
ASRock,MSI MEG Z690 UNIFY-X,ATX,LGA1700
ASRock,Gigabyte B550M AORUS PRO AX,Micro ATX,AM4
ASRock,ASRock H670 Steel Legend,ATX,LGA1700
ASRock,Asus TUF GAMING B760M-PLUS II,Micro ATX,LGA1700
ASRock,Asus PRIME B460-PLUS,ATX,LGA1200
ASRock,Gigabyte B660 AORUS Master DDR4,ATX,LGA1700
ASRock,Asus PRIME A520M-E,Micro ATX,AM4
ASRock,ASRock B450M Steel Legend Pink,Micro ATX,AM4
ASRock,Gigabyte B760M AORUS ELITE AX DDR4,Micro ATX,LGA1700
ASRock,ASRock Z590M Phantom Gaming 4,Micro ATX,LGA1200
ASRock,Gigabyte GA-AX370M-DS3H,Micro ATX,AM4
ASRock,Asus TUF GAMING B760M-E D4,Micro ATX,LGA1700
ASRock,Asus TUF GAMING B560-PLUS WIFI,ATX,LGA1200
ASRock,Gigabyte X570 AORUS XTREME,EATX,AM4
ASRock,Gigabyte Z590I VISION D,Mini ITX,LGA1200
ASRock,MSI A320M PRO-VH,Micro ATX,AM4
ASRock,Gigabyte Z690I AORUS ULTRA PLUS DDR4 (rev. 1.0),Mini ITX,LGA1700
ASRock,Asus Z590 WIFI GUNDAM EDITION,ATX,LGA1200
ASRock,Asus PRIME H770-PLUS,ATX,LGA1700
ASRock,Gigabyte H410M S2H,Micro ATX,LGA1200
ASRock,ASRock X470 Taichi,ATX,AM4
ASRock,MSI MAG Z690M MORTAR WIFI,Micro ATX,LGA1700
ASRock,Asus PRIME A520M-R,Micro ATX,AM4
ASRock,Gigabyte B560M AORUS PRO AX,Micro ATX,LGA1200
ASRock,MSI MAG B660M MORTAR WIFI,Micro ATX,LGA1700
ASRock,Asus PRIME Z490-V,ATX,LGA1200
ASRock,Gigabyte B660 GAMING X DDR4,ATX,LGA1700
ASRock,Biostar Z690GTA,ATX,LGA1700
ASRock,ASRock Fatal1ty X470 Gaming-ITX/ac,Mini ITX,AM4
ASRock,Asus ROG STRIX B660-G GAMING WIFI,Micro ATX,LGA1700
ASRock,MSI B560M PRO-VDH,Micro ATX,LGA1200
ASRock,Gigabyte GA-AX370-Gaming K5,ATX,AM4
ASRock,Asus ROG Maximus XIII Extreme,EATX,LGA1200
ASRock,ASRock H610M-HDV/M.2 R2.0,Micro ATX,LGA1700
ASRock,Asus TUF GAMING Z590-PLUS,ATX,LGA1200
ASRock,Asus PRIME B760M-PLUS,Micro ATX,LGA1700
ASRock,ASRock H510M-ITX/ac,Mini ITX,LGA1200
ASRock,ASRock B550M Pro RS,Micro ATX,AM4
ASRock,Asus ROG STRIX B460-F GAMING,ATX,LGA1200
ASRock,Asus PRIME B560-PLUS AC-HES,ATX,LGA1200
ASRock,ASRock H410M-HDV/M.2,Micro ATX,LGA1200
ASRock,Asus ROG STRIX B560-I GAMING WIFI,Mini ITX,LGA1200
ASRock,Gigabyte B560M AORUS ELITE,Micro ATX,LGA1200
ASRock,Biostar B450MX-S,Micro ATX,AM4
ASRock,Asus PRIME H510M-D,Micro ATX,LGA1200
ASRock,EVGA X570 FTW WIFI,ATX,AM4
ASRock,Asus PRIME H570-PLUS,ATX,LGA1200
ASRock,MSI MAG B460M BAZOOKA,Micro ATX,LGA1200
ASRock,Gigabyte GA-AX370-Gaming 3,ATX,AM4
ASRock,Gigabyte B460 HD3,ATX,LGA1200
ASRock,ASRock X470D4U,Micro ATX,AM4
ASRock,MSI MEG B550 UNIFY-X,ATX,AM4
ASRock,MSI PRO H410M-B,Micro ATX,LGA1200
ASRock,MSI A320M GAMING PRO,Micro ATX,AM4
ASRock,MSI PRESTIGE X570 CREATION,EATX,AM4
ASRock,Gigabyte Z790 AORUS ELITE X,ATX,LGA1700
ASRock,Colorful CVN B460I GAMING FROZEN V20,Mini ITX,LGA1200
ASRock,ASRock B560 Steel Legend,ATX,LGA1200
ASRock,Asus PRIME A320I-K/CSM,Mini ITX,AM4
ASRock,Biostar B550M-SILVER,Micro ATX,AM4
ASRock,Colorful CVN B550M GAMING FROZEN V14,Micro ATX,AM4
ASRock,Gigabyte B660M D3H DDR4,Micro ATX,LGA1700
ASRock,Asus ROG MAXIMUS XII APEX,ATX,LGA1200
ASRock,ASRock B460M-ITX/ac,Mini ITX,LGA1200
ASRock,ASRock B760M Pro-A D4,Micro ATX,LGA1700
ASRock,Gigabyte B460M GAMING HD,Micro ATX,LGA1200
ASRock,Asus PRIME H610M-D D4-CSM,Micro ATX,LGA1700
ASRock,Gigabyte Z490M GAMING X,Micro ATX,LGA1200
ASRock,Biostar A520MT,Micro ATX,AM4
ASRock,ASRock B760M Pro-A WiFi,Micro ATX,LGA1700
ASRock,MSI PRO B660M-P WIFI DDR4,Micro ATX,LGA1700
ASRock,Asus PRIME X370-A,ATX,AM4
ASRock,ASRock H510M-HDV,Micro ATX,LGA1200
ASRock,Biostar B660GTN,Mini ITX,LGA1700
ASRock,MSI A320M BAZOOKA,Micro ATX,AM4
ASRock,ASRock H570 Phantom Gaming 4,ATX,LGA1200
ASRock,Biostar B660GTQ,Micro ATX,LGA1700
ASRock,Asus Pro B560M-C/CSM,Micro ATX,LGA1200
ASRock,Gigabyte B660M AORUS Pro DDR4,Micro ATX,LGA1700
ASRock,ASRock X470 Master SLI,ATX,AM4
ASRock,ASRock H570M Pro4,Micro ATX,LGA1200
ASRock,Biostar B660MX-E PRO,Micro ATX,LGA1700
ASRock,Asus PRIME A520M-R-CSM,Micro ATX,AM4
ASRock,ASRock Z490 PG Velocita,ATX,LGA1200
ASRock,EVGA Z490 DARK K|NGP|N,EATX,LGA1200
ASRock,Asus PRIME H470M-PLUS/CSM,Micro ATX,LGA1200
ASRock,MSI B450M PRO-VDH V2,Micro ATX,AM4
ASRock,ASRock X570 Extreme4 WiFi ax,ATX,AM4
ASRock,ASRock Z490 Steel Legend,ATX,LGA1200
ASRock,Asus Pro B760M-C-CSM,Micro ATX,LGA1700
ASRock,ASRock B660M-HDVP/D5,Micro ATX,LGA1700
ASRock,Gigabyte GA-AX370-Gaming K3,ATX,AM4
ASRock,Colorful BATTLE-AX B550M-HD PRO V14,Micro ATX,AM4
ASRock,Asus TUF GAMING B560M-E,Micro ATX,LGA1200
ASRock,Asus Pro B460M-C/CSM,Micro ATX,LGA1200
ASRock,MSI PRO H610M-S DDR4,Micro ATX,LGA1700
ASRock,Gigabyte H610M K,Micro ATX,LGA1700
ASRock,MSI X470 GAMING PRO CARBON AC,ATX,AM4
ASRock,Gigabyte B460M D3H,Micro ATX,LGA1200
ASRock,ASRock H470M-ITX/ac,Mini ITX,LGA1200
ASRock,Gigabyte H510M K,Micro ATX,LGA1200
ASRock,Gigabyte B760M AORUS ELITE AX (rev. 1.2),Micro ATX,LGA1700
ASRock,Gigabyte B760M E,Micro ATX,LGA1700
ASRock,Asus PRIME H610I-PLUS-CSM,Mini ITX,LGA1700
ASRock,ASRock B660M-HDVP/D5 R2.0,Micro ATX,LGA1700
ASRock,MSI A320M PRO-VHL,Micro ATX,AM4
ASRock,Biostar X470NH,Mini ITX,AM4
ASRock,MSI H410M PRO-C,Micro ATX,LGA1200
ASRock,Asus PRIME H410I-PLUS/CSM,Mini ITX,LGA1200
ASRock,Gigabyte Q570M D3H,Micro ATX,LGA1200
ASRock,Biostar B460GTQ,Micro ATX,LGA1200
ASRock,Gigabyte Z490 AORUS ULTRA G2,ATX,LGA1200
ASRock,Gigabyte H410M S2,Micro ATX,LGA1200
ASRock,ASRock Z490 Phantom Gaming 4/ax,ATX,LGA1200
ASRock,MSI PRO B660-A,ATX,LGA1700
ASRock,Biostar B450MHC,Micro ATX,AM4
ASRock,ASRock Z590 Phantom Gaming 4/ac,ATX,LGA1200
ASRock,Gigabyte B660 GAMING X,ATX,LGA1700
ASRock,ASRock Z490D4U-2L2T,Micro ATX,LGA1200
ASRock,ASRock A520M-HDVP,Micro ATX,AM4
ASRock,Biostar B660M-SILVER,Micro ATX,LGA1700
ASRock,Biostar Z690A-SILVER,ATX,LGA1700
ASRock,Asus PRIME H610M-F D4,Micro ATX,LGA1700
ASRock,Gigabyte Z790 EAGLE,ATX,LGA1700
ASRock,Biostar B760MX-E D4,Micro ATX,LGA1700
ASRock,Biostar B450GT,Micro ATX,AM4
ASRock,ASRock B760M-HDVP,Micro ATX,LGA1700
ASRock,ASRock B560M Pro4/ac+,Micro ATX,LGA1200
ASRock,ASRock Z590 Phantom Gaming 4/ac+,ATX,LGA1200
ASRock,ASRock H410M/ac,Micro ATX,LGA1200
ASRock,ASRock B660M-ITX/eDP,Mini ITX,LGA1700
ASRock,ASRock Z490 Phantom Gaming 4SR,ATX,LGA1200
ASRock,ASRock H410M-HDVP,Micro ATX,LGA1200
ASRock,ASRock B560M-HDV-A,Micro ATX,LGA1200
ASRock,ASRock H610M-HDVP/D5,Micro ATX,LGA1700
ASRock,ASRock H610M/ac,Micro ATX,LGA1700
ASRock,ASRock H610M-HDVP/D5 R2.0,Micro ATX,LGA1700
ASRock,ASRock Z490 Phantom Gaming 4/2.5G,ATX,LGA1200
ASRock,ASRock H410M-HDVP2,Micro ATX,LGA1200
ASRock,ASRock Z590-C/ax,ATX,LGA1200
Asus,Asus ROG STRIX B550-F GAMING WIFI II,ATX,AM4
Asus,Asus PRIME B550M-A WIFI II,Micro ATX,AM4
Asus,Asus ROG MAXIMUS Z790 DARK HERO,ATX,LGA1700
Asus,Asus ROG STRIX Z790-A GAMING WIFI II,ATX,LGA1700
Asus,Asus TUF GAMING B550-PLUS WIFI II,ATX,AM4
Asus,Asus Prime B450M-A II,Micro ATX,AM4
Asus,Asus ROG STRIX Z790-E GAMING WIFI II,ATX,LGA1700
Asus,Asus ROG STRIX B760-I GAMING WIFI,Mini ITX,LGA1700
Asus,Asus TUF GAMING Z790-PRO WIFI,ATX,LGA1700
Asus,Asus PRIME B760-PLUS,ATX,LGA1700
Asus,Asus TUF GAMING A520M-PLUS WIFI,Micro ATX,AM4
Asus,Asus ROG STRIX B550-A GAMING,ATX,AM4
Asus,Asus TUF GAMING Z790-PLUS WIFI,ATX,LGA1700
Asus,Asus ROG STRIX Z690-E GAMING WIFI,ATX,LGA1700
Asus,Gigabyte Z790 AORUS PRO X,ATX,LGA1700
Asus,ASRock B760M-H/M.2,Micro ATX,LGA1700
Asus,MSI MEG Z790 GODLIKE MAX,EATX,LGA1700
Asus,MSI B450 Gaming Plus MAX,ATX,AM4
Asus,MSI PRO H610M-G WIFI DDR4,Micro ATX,LGA1700
Asus,MSI MEG X570 UNIFY,ATX,AM4
Asus,Gigabyte Z790 GAMING X AX,ATX,LGA1700
Asus,Gigabyte A520M DS3H V2,Micro ATX,AM4
Asus,Asus PRIME Z790-V WIFI,ATX,LGA1700
Asus,Gigabyte A520M K V2,Micro ATX,AM4
Asus,MSI MPG Z690 EDGE WIFI DDR4,ATX,LGA1700
Asus,ASRock B550M PG RIPTIDE,Micro ATX,AM4
Asus,Asus PRIME Z790-A WIFI,ATX,LGA1700
Asus,Asus ROG STRIX Z790-H GAMING WIFI,ATX,LGA1700
Asus,NZXT N7 Z790,ATX,LGA1700
Asus,Asus PRIME B550-PLUS,ATX,AM4
Asus,ASRock Z690 Extreme,ATX,LGA1700
Asus,MSI PRO Z690-A WIFI DDR4,ATX,LGA1700
Asus,MSI MAG Z690 TOMAHAWK WIFI DDR4,ATX,LGA1700
Asus,MSI MPG Z790 EDGE TI MAX WIFI,ATX,LGA1700
Asus,MSI B450M-A PRO MAX,Micro ATX,AM4
Asus,ASRock B760M Pro RS/D4 WiFi,Micro ATX,LGA1700
Asus,Gigabyte A520M S2H,Micro ATX,AM4
Asus,ASRock B450M Pro4,Micro ATX,AM4
Asus,ASRock B450M/AC,Micro ATX,AM4
Asus,Gigabyte H510M K V2,Micro ATX,LGA1200
Asus,ASRock A520M-HVS,Micro ATX,AM4
Asus,Asus PRIME B660-PLUS D4,ATX,LGA1700
Asus,MSI MPG B760I EDGE WIFI,Mini ITX,LGA1700
Asus,MSI MPG Z790 CARBON WIFI,ATX,LGA1700
Asus,Asus TUF GAMING B760-PLUS WIFI,ATX,LGA1700
Asus,Asus ROG STRIX Z690-A GAMING WIFI D4,ATX,LGA1700
Asus,Asus TUF GAMING Z690-PLUS WIFI,ATX,LGA1700
Asus,ASRock X570 Phantom Gaming-ITX/TB3,Mini ITX,AM4
Asus,ASRock B660M-HDV,Micro ATX,LGA1700
Asus,MSI B450 TOMAHAWK,ATX,AM4
Asus,Asus TUF GAMING B450-PLUS II,ATX,AM4
Asus,Gigabyte Z790 AORUS XTREME X,EATX,LGA1700
Asus,Asus TUF GAMING B550-PLUS,ATX,AM4
Asus,Asus ROG STRIX B760-F GAMING WIFI,ATX,LGA1700
Asus,Gigabyte B760I AORUS PRO DDR4,Mini ITX,LGA1700
Asus,ASRock Z690 Phantom Gaming-ITX/TB4,Mini ITX,LGA1700
Asus,Gigabyte B760 DS3H AC DDR4,ATX,LGA1700
Asus,Asus PRIME B550M-K,Micro ATX,AM4
Asus,MSI MPG X570 GAMING EDGE WIFI,ATX,AM4
Asus,ASRock B760 Pro RS,ATX,LGA1700
Asus,Gigabyte H510M S2H V3,Micro ATX,LGA1200
Asus,ASRock B760M-ITX/D4 WiFi,Mini ITX,LGA1700
Asus,MSI MAG Z790 TOMAHAWK WIFI DDR4,ATX,LGA1700
Asus,ASRock Z790 Pro RS,ATX,LGA1700
Asus,Gigabyte Z790I AORUS ULTRA,Mini ITX,LGA1700
Asus,Gigabyte H610M S2H,Micro ATX,LGA1700
Asus,NZXT N7 B550,ATX,AM4
Asus,Asus ROG STRIX B550-F GAMING (WI-FI),ATX,AM4
Asus,ASRock H610M-HDV/M.2+ D5,Micro ATX,LGA1700
Asus,Asus TUF GAMING B660-PLUS WIFI D4,ATX,LGA1700
Asus,Gigabyte Z790 AERO G,ATX,LGA1700
Asus,Asus PRIME B450M-A,Micro ATX,AM4
Asus,Asus PRIME H610I-PLUS D4-CSM,Mini ITX,LGA1700
Asus,Gigabyte B760M DS3H AX DDR4,Micro ATX,LGA1700
Asus,ASRock Z690M Phantom Gaming 4,Micro ATX,LGA1700
Asus,ASRock B660M-ITX/ac,Mini ITX,LGA1700
Asus,Asus ROG STRIX B660-I GAMING WIFI,Mini ITX,LGA1700
Asus,Asus TUF GAMING B560M-PLUS WIFI,Micro ATX,LGA1200
Asus,Asus TUF GAMING Z690-PLUS WIFI D4,ATX,LGA1700
Asus,Gigabyte B450 AORUS M,Micro ATX,AM4
Asus,ASRock B760 Pro RS WiFi,ATX,LGA1700
Asus,Gigabyte B760 GAMING X DDR4,ATX,LGA1700
Asus,MSI MAG B550M MORTAR WIFI,Micro ATX,AM4
Asus,ASRock X570 Phantom Gaming 4,ATX,AM4
Asus,MSI A320M-A PRO MAX,Micro ATX,AM4
Asus,MSI MPG B550 GAMING EDGE WIFI,ATX,AM4
Asus,Gigabyte Z790 EAGLE AX,ATX,LGA1700
Asus,Asus ROG Strix X570-I Gaming,Mini ITX,AM4
Asus,Asus TUF Gaming Z590-PLUS WIFI,ATX,LGA1200
Asus,Gigabyte X570 AORUS ELITE WIFI,ATX,AM4
Asus,Gigabyte B760M GAMING X AX DDR4,Micro ATX,LGA1700
Asus,Asus TUF GAMING B450M-PLUS II,Micro ATX,AM4
Asus,Gigabyte B450 I AORUS PRO WIFI,Mini ITX,AM4
Asus,MSI X470 GAMING PLUS MAX,ATX,AM4
Asus,Asus Prime X470-Pro,ATX,AM4
Asus,Gigabyte Z790 AORUS ELITE AX DDR4,ATX,LGA1700
Asus,MSI MAG Z690 TOMAHAWK WIFI,ATX,LGA1700
Asus,Asus TUF GAMING X570-PLUS,ATX,AM4
Asus,Asus PRIME Z690-A,ATX,LGA1700
Asus,Gigabyte Z690 GAMING X DDR4,ATX,LGA1700
Asus,MSI MEG Z790 GODLIKE,EATX,LGA1700
Asus,Asus ROG STRIX Z690-F GAMING WIFI,ATX,LGA1700
Asus,Gigabyte Z690 AERO G DDR4,ATX,LGA1700
Asus,MSI B450M GAMING PLUS,Micro ATX,AM4
Asus,ASRock X570S PG Riptide,ATX,AM4
Asus,Asus ROG MAXIMUS Z790 HERO EVA-02 EDITION,ATX,LGA1700
Asus,NZXT N7-Z69XT-W1,ATX,LGA1700
Asus,MSI MPG Z690 FORCE WIFI,ATX,LGA1700
Asus,Asus Strix B550-XE Gaming WiFi,ATX,AM4
Asus,Asus PRIME Z490-P,ATX,LGA1200
Asus,Asus ProArt B760-CREATOR WIFI,ATX,LGA1700
Asus,Asus ROG Crosshair VIII Hero (WI-FI),ATX,AM4
Asus,ASRock B550 Steel Legend,ATX,AM4
Asus,MSI MPG Z690 CARBON WIFI,ATX,LGA1700
Asus,ASRock X570 Taichi,ATX,AM4
Asus,Asus PRIME Z690-P D4,ATX,LGA1700
Asus,Gigabyte B550 VISION D-P,ATX,AM4
Asus,Asus PRIME B760M-K D4,Micro ATX,LGA1700
Asus,MSI MPG X570 GAMING PRO CARBON WIFI,ATX,AM4
Asus,Gigabyte B660M DS3H DDR4,Micro ATX,LGA1700
Asus,Gigabyte B760 GAMING X,ATX,LGA1700
Asus,MSI X470 GAMING PLUS,ATX,AM4
Asus,Gigabyte B760 DS3H,ATX,LGA1700
Asus,NZXT N7-Z69XT-B1,ATX,LGA1700
Asus,Gigabyte B760M H DDR4,Micro ATX,LGA1700
Asus,ASRock B550 PG Velocita,ATX,AM4
Asus,Asus TUF GAMING B460M-PLUS (WI-FI),Micro ATX,LGA1200
Asus,Gigabyte B760M GAMING X DDR4,Micro ATX,LGA1700
Asus,Asus ROG STRIX Z690-G GAMING WIFI,Micro ATX,LGA1700
Asus,Biostar B450MH,Micro ATX,AM4
Asus,Asus PRIME H610M-E D4-CSM,Micro ATX,LGA1700
Asus,Asus ProArt B550-CREATOR,ATX,AM4
Asus,MSI B550M-A PRO,Micro ATX,AM4
Asus,ASRock Z790 LiveMixer,ATX,LGA1700
Asus,Gigabyte X570 AORUS MASTER,ATX,AM4
Asus,Asus PRIME H510M-A,Micro ATX,LGA1200
Asus,Biostar B450NH,Mini ITX,AM4
Asus,MSI H510M-A PRO,Micro ATX,LGA1200
Asus,ASRock B560M-C,Micro ATX,LGA1200
Asus,ASRock Z790 Taichi Carrara,EATX,LGA1700
Asus,MSI MAG Z590 TORPEDO,ATX,LGA1200
Asus,ASRock H610M-HDV,Micro ATX,LGA1700
Asus,Asus PROART B760-CREATOR D4,ATX,LGA1700
Asus,ASRock B660M Pro RS/ax,Micro ATX,LGA1700
Asus,MSI MAG Z490 TOMAHAWK,ATX,LGA1200
Asus,Gigabyte Z790 D DDR4,ATX,LGA1700
Asus,MSI B450M MORTAR TITANIUM,Micro ATX,AM4
Asus,MSI MPG X570S EDGE MAX WIFI,ATX,AM4
Asus,MSI PRO H610M-G,Micro ATX,LGA1700
Asus,ASRock H610M-HVS/M.2 R2.0,Micro ATX,LGA1700
Asus,Gigabyte B550M AORUS PRO-P,Micro ATX,AM4
Asus,Gigabyte B760 AORUS ELITE AX DDR4,ATX,LGA1700
Asus,Gigabyte Z690 UD AX DDR4,ATX,LGA1700
Asus,MSI MEG Z690I UNIFY,Mini ITX,LGA1700
Asus,MSI H510M PRO,Micro ATX,LGA1200
Asus,NZXT N7 Z590,ATX,LGA1200
Asus,Gigabyte GA-A320M-H,Micro ATX,AM4
Asus,MSI MPG B550 GAMING CARBON WIFI,ATX,AM4
Asus,Asus ROG STRIX B560-F GAMING WIFI,ATX,LGA1200
Asus,Asus ROG MAXIMUS XII HERO (WI-FI),ATX,LGA1200
Asus,Gigabyte X570S AERO G,ATX,AM4
Asus,MSI B550M PRO-VDH WIFI (CEC),Micro ATX,AM4
Asus,MSI PRO H610M-E,Micro ATX,LGA1700
Asus,MSI PRO Z690-A,ATX,LGA1700
Asus,Asus PRIME H610M-E D4,Micro ATX,LGA1700
Asus,Gigabyte H610M H V2,Micro ATX,LGA1700
Asus,Asus ROG MAXIMUS Z690 APEX,ATX,LGA1700
Asus,Gigabyte GA-A320M-S2H V2,Micro ATX,AM4
Asus,Asus TUF GAMING Z490-PLUS (WI-FI),ATX,LGA1200
Asus,Asus TUF GAMING B760M-PLUS,Micro ATX,LGA1700
Asus,MSI PRO B760M-E DDR4,Micro ATX,LGA1700
Asus,Gigabyte B760 GAMING X AX DDR4,ATX,LGA1700
Asus,Asus ROG MAXIMUS XIII HERO,ATX,LGA1200
Asus,Gigabyte B660 GAMING X AX DDR4,ATX,LGA1700
Asus,Asus ROG Crosshair VIII Impact,Mini DTX,AM4
Asus,MSI A320M PRO-VH PLUS,Micro ATX,AM4
Asus,Gigabyte Z790 AORUS ELITE AX-W,ATX,LGA1700
Asus,Biostar Z690 VALKYRIE,ATX,LGA1700
Asus,MSI MPG Z790 CARBON MAX WIFI,ATX,LGA1700
Asus,ASRock Z790 PG Lightning/D4,ATX,LGA1700
Asus,Asus ROG STRIX B560-A GAMING WIFI,ATX,LGA1200
Asus,Asus CROSSHAIR VI HERO,ATX,AM4
Asus,Asus TUF GAMING A520M-PLUS,Micro ATX,AM4
Asus,Gigabyte H410M S2H V2,Micro ATX,LGA1200
Asus,ASRock X370 Pro4,ATX,AM4
Asus,MSI MPG Z590 GAMING PLUS,ATX,LGA1200
Asus,Asus PRIME Z590-P,ATX,LGA1200
Asus,Asus TUF X470-PLUS GAMING,ATX,AM4
Asus,MSI B450-A PRO,ATX,AM4
Asus,MSI MPG B760I EDGE WIFI DDR4,Mini ITX,LGA1700
Asus,MSI Z590 PRO WIFI,ATX,LGA1200
Asus,ASRock H610M-H2/M.2 D5,Micro ATX,LGA1700
Asus,Gigabyte B450M H,Micro ATX,AM4
Asus,Asus Pro B760M-CT-CSM,Micro ATX,LGA1700
Asus,Gigabyte Z690 AORUS ELITE DDR4,ATX,LGA1700
Asus,Asus PRIME H610M-K,Micro ATX,LGA1700
Asus,Gigabyte A520M DS3H,Micro ATX,AM4
Asus,MSI MAG B550M BAZOOKA,Micro ATX,AM4
Asus,MSI MPG Z590 GAMING CARBON WIFI,ATX,LGA1200
Asus,MSI MAG B660M BAZOOKA DDR4,Micro ATX,LGA1700
Asus,Biostar A520MH,Micro ATX,AM4
Asus,Asus ROG Crosshair VII Hero (Wi-Fi),ATX,AM4
Asus,Gigabyte B660 DS3H AC DDR4,ATX,LGA1700
Asus,MSI Z790 GAMING WIFI,ATX,LGA1700
Asus,MSI Z590 PLUS,ATX,LGA1200
Asus,Gigabyte B550M AORUS PRO,Micro ATX,AM4
Asus,MSI B460M-A PRO,Micro ATX,LGA1200
Asus,ASRock B660 Pro RS,ATX,LGA1700
Asus,Gigabyte Z490 AORUS ELITE AC,ATX,LGA1200
Asus,ASRock A320M,Micro ATX,AM4
Asus,MSI B450M MORTAR,Micro ATX,AM4
Asus,Gigabyte H610M H,Micro ATX,LGA1700
Asus,MSI MAG X570S TORPEDO MAX,ATX,AM4
Asus,Asus ROG MAXIMUS XII FORMULA,ATX,LGA1200
Asus,Gigabyte X570 UD,ATX,AM4
Asus,ASRock H670 PG Riptide,ATX,LGA1700
Asus,Gigabyte Z690I AORUS ULTRA,Mini ITX,LGA1700
Asus,Asus PRIME B560M-A AC,Micro ATX,LGA1200
Asus,Asus PRIME H510M-R R2.0,Micro ATX,LGA1200
Asus,Asus TUF GAMING H670-PRO WIFI D4,ATX,LGA1700
Asus,Gigabyte Z490 UD,ATX,LGA1200
Asus,ASRock B550 Taichi Razer Edition,ATX,AM4
Asus,MSI MEG X570S ACE MAX,ATX,AM4
Asus,Asus ProArt X570-CREATOR WIFI,ATX,AM4
Asus,Gigabyte Z790 D AX,ATX,LGA1700
Asus,Gigabyte B660 DS3H DDR4,ATX,LGA1700
Asus,MSI PRO-B660M-A-CEC-WIFI-DDR4,Micro ATX,LGA1700
Asus,ASRock Z690 Steel Legend,ATX,LGA1700
Asus,MSI H410M PRO,Micro ATX,LGA1200
Asus,MSI MAG B760M MORTAR MAX WIFI,Micro ATX,LGA1700
Asus,MSI MPG Z490M GAMING EDGE WIFI,Micro ATX,LGA1200
Asus,Asus ROG STRIX B560-G GAMING WIFI,Micro ATX,LGA1200
Asus,MSI MAG B660M MORTAR MAX WIFI DDR4,Micro ATX,LGA1700
Asus,ASRock Z690 Extreme WiFi 6E,ATX,LGA1700
Asus,Gigabyte B760M AORUS PRO AX,Micro ATX,LGA1700
Asus,Gigabyte X470 AORUS GAMING 7 WIFI,ATX,AM4
Asus,ASRock Z590 Pro4,ATX,LGA1200
Asus,EVGA Z790 CLASSIFIED,EATX,LGA1700
Asus,Asus PRIME H410M-A,Micro ATX,LGA1200
Asus,ASRock Z590 Steel Legend,ATX,LGA1200
Asus,Asus ROG STRIX B560-E GAMING WIFI,ATX,LGA1200
Asus,ASRock B660M Steel Legend,Micro ATX,LGA1700
Asus,Gigabyte B560M DS3H,Micro ATX,LGA1200
Asus,MSI MEG X570 GODLIKE,EATX,AM4
Asus,ASRock B460M Pro4/ac,Micro ATX,LGA1200
Asus,MSI B450M PRO-M2,Micro ATX,AM4
Asus,Asus PRIME H610M-D D4,Micro ATX,LGA1700
Asus,ASRock H470 Steel Legend,ATX,LGA1200
Asus,Gigabyte B760M GAMING AC DDR4,Micro ATX,LGA1700
Asus,Asus PRIME B760M-A AX D4,Micro ATX,LGA1700
Asus,MSI X370 GAMING PLUS,ATX,AM4
Asus,MSI H510I PRO WIFI,Mini ITX,LGA1200
Asus,Gigabyte B460M DS3H,Micro ATX,LGA1200
Asus,Asus Pro Q670M-C-CSM,Micro ATX,LGA1700
Asus,Asus Pro WS X570-ACE,ATX,AM4
Asus,Gigabyte Z590I AORUS ULTRA,Mini ITX,LGA1200
Asus,Gigabyte X470 AORUS GAMING 5 WIFI,ATX,AM4
Asus,Asus TUF GAMING B460-PLUS,ATX,LGA1200
Asus,MSI MAG B660 TOMAHAWK EVA e-PROJECT,ATX,LGA1700
Asus,Asus ROG STRIX B450-E GAMING,ATX,AM4
Asus,MSI PRO Z790-P,ATX,LGA1700
Asus,Asus TUF GAMING B560M-PLUS,Micro ATX,LGA1200
Asus,Biostar B550T-SILVER,Mini ITX,AM4
Asus,MSI B450M PRO-VDH PLUS,Micro ATX,AM4
Asus,Gigabyte B660 AORUS Master,ATX,LGA1700
Asus,Biostar B550MX/E PRO,Micro ATX,AM4
Asus,MSI MEG Z490 UNIFY,ATX,LGA1200
Asus,MSI H510M PRO-E,Micro ATX,LGA1200
Asus,Biostar B660T-SILVER,Mini ITX,LGA1700
Asus,ASRock A320M-DGS,Micro ATX,AM4
Asus,EVGA Z690 DARK K|NGP|N,EATX,LGA1700
Asus,MSI MEG Z490 ACE,ATX,LGA1200
Asus,Gigabyte Z590 GAMING X,ATX,LGA1200
Asus,MSI PRO B760M-G DDR4,Micro ATX,LGA1700
Asus,Gigabyte Z490 AORUS PRO AX,ATX,LGA1200
Asus,Gigabyte Z690 GAMING X,ATX,LGA1700
Asus,MSI X470 GAMING PRO MAX,ATX,AM4
Asus,Asus PRIME X570-P/CSM,ATX,AM4
Asus,ASRock B560M-ITX/ac,Mini ITX,LGA1200
Asus,Gigabyte Z690 AORUS PRO DDR4,ATX,LGA1700
Asus,Gigabyte GA-AX370-GAMING 5,ATX,AM4
Asus,ASRock A520M/ac,Micro ATX,AM4
Asus,Biostar H610MH D5,Micro ATX,LGA1700
Asus,Gigabyte B660M GAMING X AX DDR4,Micro ATX,LGA1700
Asus,Gigabyte Z690M AORUS ELITE AX DDR4,Micro ATX,LGA1700
Asus,ASRock Z490 Extreme4,ATX,LGA1200
Asus,Gigabyte Z690 AERO D,EATX,LGA1700
Asus,ASRock B460M-HDV,Micro ATX,LGA1200
Asus,MSI MEG Z690 GODLIKE,EATX,LGA1700
Asus,ASRock A320M-ITX,Mini ITX,AM4
Asus,ASRock X370 Gaming-ITX/ac,Mini ITX,AM4
Asus,ASRock H410M-HDV,Micro ATX,LGA1200
Asus,ASRock Z690 Steel Legend WiFi 6E,ATX,LGA1700
Asus,MSI X370 SLI PLUS,ATX,AM4
Asus,ASRock Z490 Phantom Gaming 4,ATX,LGA1200
Asus,MSI MAG B560M BAZOOKA,Micro ATX,LGA1200
Asus,Asus PRIME H610M-E-CSM,Micro ATX,LGA1700
Asus,MSI MAG B760M MORTAR,Micro ATX,LGA1700
Asus,MSI MAG B660M MORTAR,Micro ATX,LGA1700
Asus,MSI MPG Z590M GAMING EDGE WIFI,Micro ATX,LGA1200
Asus,Asus ROG STRIX B460-H GAMING,ATX,LGA1200
Asus,ASRock A320M-HDV R3.0,Micro ATX,AM4
Asus,Asus PRIME A520M-A/CSM,Micro ATX,AM4
Asus,Gigabyte Z490 GAMING X,ATX,LGA1200
Asus,ASRock B460 Phantom Gaming 4,ATX,LGA1200
Asus,MSI PRO Z790-P II,ATX,LGA1700
Asus,Asus PRIME B460M-K,Micro ATX,LGA1200
Asus,Asus PRIME B760M-R D4,Micro ATX,LGA1700
Asus,ASRock Fatal1ty X370 Gaming K4,ATX,AM4
Asus,Gigabyte Z590 AORUS XTREME,EATX,LGA1200
Asus,Gigabyte B660M GAMING AC DDR4,Micro ATX,LGA1700
Asus,Biostar H610MHP,Micro ATX,LGA1700
Asus,Asus PRIME H610M-A WIFI-CSM,Micro ATX,LGA1700
Asus,Asus TUF GAMING B460M-PLUS,Micro ATX,LGA1200
Asus,Biostar B450MX,Micro ATX,AM4
Asus,MSI B460M PRO,Micro ATX,LGA1200
Asus,Gigabyte B550 AORUS PRO AX,ATX,AM4
Asus,MSI PRO B760-VC,ATX,LGA1700
Asus,Gigabyte H510M S2H,Micro ATX,LGA1200
Asus,Asus ROG STRIX H470-I GAMING,Mini ITX,LGA1200
Asus,Gigabyte Z690 AORUS XTREME,EATX,LGA1700
Asus,ASRock Z490M-ITX/ac,Mini ITX,LGA1200
Asus,MSI A520M PRO-VH,Micro ATX,AM4
Asus,Gigabyte B660M GAMING X DDR4,Micro ATX,LGA1700
Asus,Gigabyte Z690M DS3H DDR4,Micro ATX,LGA1700
Asus,ASRock X570 Phantom Gaming X,ATX,AM4
Asus,MSI MAG B550 TORPEDO,ATX,AM4
Asus,Asus PRIME B760M-A WIFI D4-CSM,Micro ATX,LGA1700
Asus,Asus Z790 GAMING WIFI7,ATX,LGA1700
Asus,ASRock X570D4U,Micro ATX,AM4
Asus,ASRock X570 Creator,ATX,AM4
Asus,ASRock Z590 Phantom Gaming 4,ATX,LGA1200
Asus,Asus PRIME H610M-A,Micro ATX,LGA1700
Asus,Biostar B560MX-E PRO,Micro ATX,LGA1200
Asus,MSI A320M PRO-VD PLUS,Micro ATX,AM4
Asus,Colorful CVN Z790D5 GAMING FROZEN V20,ATX,LGA1700
Asus,Gigabyte Z690 UD,ATX,LGA1700
Asus,Gigabyte GA-A320M-HD2,Micro ATX,AM4
Asus,ASRock X470 Taichi Ultimate,ATX,AM4
Asus,Asus PRIME H410M-D,Micro ATX,LGA1200
Asus,Gigabyte B760M AORUS PRO AX DDR4,Micro ATX,LGA1700
Asus,EVGA Z690 CLASSIFIED,EATX,LGA1700
Asus,Colorful CVN B760I FROZEN WIFI V20,Mini ITX,LGA1700
Asus,Asus PRIME H610M-R,Micro ATX,LGA1700
Asus,Gigabyte Z790 D,ATX,LGA1700
Asus,ASRock X370M-HDV,Micro ATX,AM4
Asus,Asus ROG CROSSHAIR VI EXTREME,EATX,AM4
Asus,Gigabyte B560M D3H,Micro ATX,LGA1200
Asus,Asus ROG STRIX Z490-G GAMING,Micro ATX,LGA1200
Asus,Gigabyte Z590M GAMING X,Micro ATX,LGA1200
Asus,Gigabyte H470M K,Micro ATX,LGA1200
Asus,Colorful CVN Z790 GAMING FROZEN V20,ATX,LGA1700
Asus,ASRock X470D4U2-2T,Micro ATX,AM4
Asus,ASRock Z490 Pro4,ATX,LGA1200
Asus,Asus PRIME H610I-PLUS D4,Mini ITX,LGA1700
Asus,ASRock H570 Steel Legend,ATX,LGA1200
Asus,Gigabyte Z690 AORUS ELITE AX (rev. 1.4),ATX,LGA1700
Asus,Biostar H410MH,Micro ATX,LGA1200
Asus,Gigabyte B760M D2H,Micro ATX,LGA1700
Asus,Gigabyte Z490M,Micro ATX,LGA1200
Asus,MSI MEG Z590 ACE GOLD EDITION,ATX,LGA1200
Asus,MSI MAG B760M MORTAR II,Micro ATX,LGA1700
Asus,Biostar B760MX2-E D4,Micro ATX,LGA1700
Asus,ASRock B560M Pro4/ac,Micro ATX,LGA1200
Asus,Biostar B760M-SILVER,Micro ATX,LGA1700
Asus,Asus PRIME Z790-V AX,ATX,LGA1700
Asus,MSI B560M PRO-VDH WIFI (CEC),Micro ATX,LGA1200
Asus,Gigabyte B660M AORUS Pro AX,Micro ATX,LGA1700
Asus,Gigabyte H610M GAMING WIFI DDR4 (rev. 1.0),Micro ATX,LGA1700
Asus,ASRock H470 Phantom Gaming 4,ATX,LGA1200
Asus,Gigabyte H470 AORUS PRO AX,ATX,LGA1200
Asus,Biostar B550GTA,ATX,AM4
Asus,MSI H410I PRO WIFI,Mini ITX,LGA1200
Asus,EVGA Z590 FTW WIFI,ATX,LGA1200
Asus,Gigabyte Z690 AORUS TACHYON,EATX,LGA1700
Asus,ASRock X370 GAMING X,ATX,AM4
Asus,ASRock B760M Pro-A,Micro ATX,LGA1700
Asus,MSI Z790-S01,ATX,LGA1700
Asus,Gigabyte H610M S2 DDR4 (rev. 1.2),Micro ATX,LGA1700
Asus,MSI Z490 PLUS,ATX,LGA1200
Asus,Asus EX-B760M-V5,Micro ATX,LGA1700
Asus,Asus Z490-GUNDAM (WI-FI),ATX,LGA1200
Asus,Biostar B550MXC PRO,Micro ATX,AM4
Asus,Biostar B450GT3,Micro ATX,AM4
Asus,Asus PRIME H470-PLUS/CSM,ATX,LGA1200
Asus,Biostar B560GTQ,Micro ATX,LGA1200
Asus,Gigabyte H510M S2,Micro ATX,LGA1200
Asus,Gigabyte Q670M D3H DDR4 (rev. 1.0),Micro ATX,LGA1700
Asus,Gigabyte Z690 UD AX DDR4 V2,ATX,LGA1700
Asus,Biostar H410MH S2,Micro ATX,LGA1200
Asus,Biostar B560M-SILVER,Micro ATX,LGA1200
Asus,Biostar Z490GTA,ATX,LGA1200
Asus,Gigabyte H510M DS2V,Micro ATX,LGA1200
Asus,MSI A520M PRO-C DASH,Micro ATX,AM4
Asus,MSI PRO-B660M-VC-WIFI-DDR4,Micro ATX,LGA1700
Asus,Biostar H510MX/E 2.0,Micro ATX,LGA1200
Asus,Gigabyte H610M K V2,Micro ATX,LGA1700
Asus,Biostar Z490GTA EVO,ATX,LGA1200
Asus,Gigabyte H410M HD3P,Micro ATX,LGA1200
Asus,Asus PRIME H610M-K D4-CSM,Micro ATX,LGA1700
Asus,Asus PRIME H770-PLUS-CSM,ATX,LGA1700
Asus,Asus PRIME H610M-E,Micro ATX,LGA1700
Asus,Asus PRIME H610M-K D4 ARGB-CSM,Micro ATX,LGA1700
Asus,Asus PRO H610M-C D4-CSM,Micro ATX,LGA1700
Asus,Asus PRIME A520M-E/CSM,Micro ATX,AM4
Asus,Asus Pro H610M-C-CSM,Micro ATX,LGA1700
Asus,Asus EX-B660M-V5 D4,Micro ATX,LGA1700
Asus,Asus PRIME H610M-R-CSM,Micro ATX,LGA1700
Asus,Asus PRIME H610M-F D4 R2.0-CSM,Micro ATX,LGA1700
Asus,Asus PRIME B760M-PLUS-CSM,Micro ATX,LGA1700
Asus,Asus EX-B560M-V5,Micro ATX,LGA1200
Asus,Asus Pro H510M-C/CSM,Micro ATX,LGA1200
Asus,Asus PRIME-H510M-F,Micro ATX,LGA1200
Asus,Asus PRIME B760-PLUS-CSM,ATX,LGA1700
Asus,Asus PRIME H610M-A WIFI D4-CSM,Micro ATX,LGA1700
Asus,Asus PRIME B760M-K-CSM,Micro ATX,LGA1700
Asus,Asus Pro Q670M-CE D4-CSM,Micro ATX,LGA1700
Asus,Asus PRIME H610M-K-CSM,Micro ATX,LGA1700
Asus,Asus PRIME H610M-F D4 R2.0,Micro ATX,LGA1700
Asus,Asus EX-B760M-V7,Micro ATX,LGA1700
Asus,Asus EX-H610M-V3 D4,Micro ATX,LGA1700
Asus,Asus EX-B760M-V5 D4-CSM,Micro ATX,LGA1700
Asus,Asus Pro Q670M-CE-CSM,Micro ATX,LGA1700
Asus,Asus PRIME H510M-A WIFI/CSM,Micro ATX,LGA1200
Asus,Asus PRIME H510M-D/CSM,Micro ATX,LGA1200
Asus,Asus PRO H410M-C2/CSM,Micro ATX,LGA1200
Asus,Asus PRIME H410M-F,Micro ATX,LGA1200
Asus,Asus PRIME H610M-F D4-CSM,Micro ATX,LGA1700
Asus,Asus EX-B660M-V5-PRO-D4,Micro ATX,LGA1700
Asus,Asus EX-B760M-V5 D4,Micro ATX,LGA1700
Asus,Asus PRIME H510M-A R2.0-CSM,Micro ATX,LGA1200
Asus,Asus Pro H610M-CT2 D4-CSM,Micro ATX,LGA1700
Asus,Asus PRIME B760M-F D4,Micro ATX,LGA1700
Asus,Asus PRIME H410M-K R3.0,Micro ATX,LGA1200
Asus,Asus EX-H610M-V3 D4-CSM,Micro ATX,LGA1700
Asus,Asus PRIME B760M-AJ D4,Micro ATX,LGA1700
Asus,Asus EX-B760M-V5-CSM,Micro ATX,LGA1700
Asus,Asus PRIME H510M-E R2.0-CSM,Micro ATX,LGA1200
Asus,Asus PRIME H610M-K ARGB-CSM,Micro ATX,LGA1700
Asus,Asus PRIME H610M-D-CSM,Micro ATX,LGA1700
Asus,Asus PRIME B760M-F D4-CSM,Micro ATX,LGA1700
Asus,Asus PRIME H510M-F R3.0,Micro ATX,LGA1200
EVGA,EVGA Z490 FTW WIFI,ATX,LGA1200
Gigabyte,Gigabyte B550M K,Micro ATX,AM4
Gigabyte,Gigabyte Z790 AORUS ELITE AX,ATX,LGA1700
Gigabyte,Gigabyte B550M DS3H AC,Micro ATX,AM4
Gigabyte,Gigabyte A520I AC,Mini ITX,AM4
Gigabyte,Gigabyte B550 UD AC,ATX,AM4
Gigabyte,Gigabyte B550M AORUS ELITE AX,Micro ATX,AM4
Gigabyte,ASRock Z690M-ITX/ax,Mini ITX,LGA1700
Gigabyte,Gigabyte B760M DS3H DDR4,Micro ATX,LGA1700
Gigabyte,Gigabyte B450M K,Micro ATX,AM4
Gigabyte,MSI MAG B550 TOMAHAWK,ATX,AM4
Gigabyte,Gigabyte B450M DS3H WIFI,Micro ATX,AM4
Gigabyte,NZXT N7 Z790,ATX,LGA1700
Gigabyte,Gigabyte Z790 AORUS ELITE X WIFI7,ATX,LGA1700
Gigabyte,ASRock B450M/ac R2.0,Micro ATX,AM4
Gigabyte,MSI PRO Z690-A WIFI,ATX,LGA1700
Gigabyte,MSI MAG B760 TOMAHAWK WIFI,ATX,LGA1700
Gigabyte,ASRock B550M-ITX/ac,Mini ITX,AM4
Gigabyte,Gigabyte B550M DS3H,Micro ATX,AM4
Gigabyte,Asus ROG STRIX B760-A GAMING WIFI,ATX,LGA1700
Gigabyte,Asus ROG STRIX B550-F GAMING,ATX,AM4
Gigabyte,MSI PRO B760M-A WIFI DDR4,Micro ATX,LGA1700
Gigabyte,Gigabyte B760M C,Micro ATX,LGA1700
Gigabyte,MSI A520M-A PRO,Micro ATX,AM4
Gigabyte,ASRock B450M PRO4 R2.0,Micro ATX,AM4
Gigabyte,Asus ProArt Z790-CREATOR WIFI,ATX,LGA1700
Gigabyte,ASRock Z690 PG Velocita,ATX,LGA1700
Gigabyte,ASRock B550M-HDV,Micro ATX,AM4
Gigabyte,Asus PRIME H610M-A WIFI D4,Micro ATX,LGA1700
Gigabyte,Asus ROG STRIX B450-F GAMING,ATX,AM4
Gigabyte,ASRock Fatal1ty B450 Gaming-ITX/ac,Mini ITX,AM4
Gigabyte,Gigabyte B760M AORUS ELITE AX,Micro ATX,LGA1700
Gigabyte,ASRock B760M Steel Legend WiFi,Micro ATX,LGA1700
Gigabyte,MSI Z790 GAMING PRO WIFI,ATX,LGA1700
Gigabyte,ASRock Z690 Pro RS,ATX,LGA1700
Gigabyte,Gigabyte H610I,Mini ITX,LGA1700
Gigabyte,Asus TUF GAMING Z790-PLUS WIFI D4,ATX,LGA1700
Gigabyte,Gigabyte B760 AORUS ELITE AX,ATX,LGA1700
Gigabyte,Asus TUF GAMING B760M-PLUS WIFI D4,Micro ATX,LGA1700
Gigabyte,MSI MAG B660 TOMAHAWK WIFI DDR4,ATX,LGA1700
Gigabyte,Asus PRIME B760M-A WIFI D4,Micro ATX,LGA1700
Gigabyte,Gigabyte B450 AORUS ELITE V2,ATX,AM4
Gigabyte,ASRock B760M PG SONIC WiFi,Micro ATX,LGA1700
Gigabyte,ASRock Z790M-ITX WIFI,Mini ITX,LGA1700
Gigabyte,MSI PRO B550M-P GEN3,Micro ATX,AM4
Gigabyte,Asus ROG MAXIMUS Z690 EXTREME,EATX,LGA1700
Gigabyte,Asus PRIME Z790-P WIFI D4,ATX,LGA1700
Gigabyte,ASRock B450 Steel Legend,ATX,AM4
Gigabyte,Asus TUF GAMING B760M-PLUS WIFI II,Micro ATX,LGA1700
Gigabyte,Gigabyte A520 AORUS ELITE,ATX,AM4
Gigabyte,MSI MPG Z490 GAMING EDGE WIFI,ATX,LGA1200
Gigabyte,ASRock Z690 Phantom Gaming 4/D5,ATX,LGA1700
Gigabyte,Asus PRIME B450-PLUS,ATX,AM4
Gigabyte,Asus PRIME A520M-K,Micro ATX,AM4
Gigabyte,Asus ROG STRIX B660-A GAMING WIFI D4,ATX,LGA1700
Gigabyte,ASRock B760M Pro RS/D4,Micro ATX,LGA1700
Gigabyte,Asus ROG STRIX B550-I GAMING,Mini ITX,AM4
Gigabyte,Gigabyte Z790 AORUS MASTER,EATX,LGA1700
Gigabyte,ASRock B760M Pro RS,Micro ATX,LGA1700
Gigabyte,Asus PRIME X570-PRO,ATX,AM4
Gigabyte,Asus PRIME Z790M-PLUS D4,Micro ATX,LGA1700
Gigabyte,Gigabyte B760M AORUS ELITE X AX,Micro ATX,LGA1700
Gigabyte,ASRock B550M Phantom Gaming 4,Micro ATX,AM4
Gigabyte,Asus PRIME B550M-A AC,Micro ATX,AM4
Gigabyte,Asus TUF GAMING B760-PLUS WIFI D4,ATX,LGA1700
Gigabyte,MSI MAG X570S TOMAHAWK MAX WIFI,ATX,AM4
Gigabyte,Asus ROG STRIX B760-G GAMING WIFI,Micro ATX,LGA1700
Gigabyte,ASRock A320M-HDV R4.0,Micro ATX,AM4
Gigabyte,Asus ROG MAXIMUS Z790 EXTREME,EATX,LGA1700
Gigabyte,MSI PRO B760-VC WIFI,ATX,LGA1700
Gigabyte,Gigabyte H610M S2H V3 DDR4,Micro ATX,LGA1700
Gigabyte,MSI MAG X570 TOMAHAWK WIFI,ATX,AM4
Gigabyte,MSI B560M PRO-E,Micro ATX,LGA1200
Gigabyte,Gigabyte B450 AORUS ELITE,ATX,AM4
Gigabyte,MSI B450-A PRO MAX,ATX,AM4
Gigabyte,Asus ROG Strix X570-E Gaming,ATX,AM4
Gigabyte,Asus PRIME Z690-P WIFI,ATX,LGA1700
Gigabyte,MSI PRO B760-P DDR4 II,ATX,LGA1700
Gigabyte,Gigabyte B760 DS3H AX DDR4,ATX,LGA1700
Gigabyte,Asus PRIME B660M-K D4,Micro ATX,LGA1700
Gigabyte,Asus PRIME B560M-A,Micro ATX,LGA1200
Gigabyte,Asus TUF GAMING B660M-PLUS WIFI,Micro ATX,LGA1700
Gigabyte,Asus TUF GAMING B550-PLUS (WI-FI),ATX,AM4
Gigabyte,Asus PRIME B550M-A,Micro ATX,AM4
Gigabyte,Asus ROG MAXIMUS Z690 HERO,ATX,LGA1700
Gigabyte,MSI A320M-A PRO,Micro ATX,AM4
Gigabyte,MSI B460M PRO-VDH WIFI,Micro ATX,LGA1200
Gigabyte,MSI B450 GAMING PRO CARBON MAX WIFI,ATX,AM4
Gigabyte,Gigabyte H610I DDR4,Mini ITX,LGA1700
Gigabyte,Gigabyte A520M K,Micro ATX,AM4
Gigabyte,Gigabyte B450M S2H,Micro ATX,AM4
Gigabyte,MSI B450 GAMING PRO CARBON AC,ATX,AM4
Gigabyte,ASRock Z790M PG LIGHTNING/D4,Micro ATX,LGA1700
Gigabyte,ASRock X570 Taichi Razer Edition,ATX,AM4
Gigabyte,MSI MPG B560I GAMING EDGE WIFI,Mini ITX,LGA1200
Gigabyte,Gigabyte Z690 AORUS ELITE AX,ATX,LGA1700
Gigabyte,MSI A520M PRO,Micro ATX,AM4
Gigabyte,Asus TUF B450-PLUS GAMING,ATX,AM4
Gigabyte,ASRock A320M/ac,Micro ATX,AM4
Gigabyte,ASRock Z690M PG RIPTIDE/D5,Micro ATX,LGA1700
Gigabyte,MSI B450I GAMING PLUS AC,Mini ITX,AM4
Gigabyte,Asus PRIME B560-PLUS,ATX,LGA1200
Gigabyte,MSI PRO B660M-A DDR4,Micro ATX,LGA1700
Gigabyte,Asus PRIME H610M-A D4-CSM,Micro ATX,LGA1700
Gigabyte,Gigabyte Z690 AERO G,ATX,LGA1700
Gigabyte,Asus PRIME H670-PLUS D4,ATX,LGA1700
Gigabyte,Asus MAXIMUS Z690 HERO EVA,ATX,LGA1700
Gigabyte,ASRock Z690 Taichi Razer Edition,ATX,LGA1700
Gigabyte,Asus PRIME Z590-A,ATX,LGA1200
Gigabyte,Asus TUF B450M-PLUS GAMING,Micro ATX,AM4
Gigabyte,Gigabyte B550 AORUS ELITE,ATX,AM4
Gigabyte,Biostar A320MH,Micro ATX,AM4
Gigabyte,MSI B450M BAZOOKA MAX WIFI,Micro ATX,AM4
Gigabyte,Gigabyte B550 GAMING X,ATX,AM4
Gigabyte,Asus PRIME H570M-PLUS/CSM,Micro ATX,LGA1200
Gigabyte,Gigabyte B560 DS3H AC,ATX,LGA1200
Gigabyte,Asus PRIME B660M-A D4,Micro ATX,LGA1700
Gigabyte,Gigabyte Z590 UD AC,ATX,LGA1200
Gigabyte,ASRock Z790 Taichi,EATX,LGA1700
Gigabyte,Asus PRIME B450M-A/CSM,Micro ATX,AM4
Gigabyte,Gigabyte B660I AORUS Pro DDR4,Mini ITX,LGA1700
Gigabyte,Asus TUF GAMING Z790-PLUS D4,ATX,LGA1700
Gigabyte,ASRock Z690 STEEL LEGEND/D5,ATX,LGA1700
Gigabyte,Asus ROG STRIX Z590-A GAMING WIFI,ATX,LGA1200
Gigabyte,ASRock A520M Phantom Gaming 4,Micro ATX,AM4
Gigabyte,Gigabyte B550 AORUS ELITE AX,ATX,AM4
Gigabyte,MSI X370 GAMING PRO CARBON,ATX,AM4
Gigabyte,ASRock B450M Pro4-F,Micro ATX,AM4
Gigabyte,Gigabyte H510M H,Micro ATX,LGA1200
Gigabyte,MSI B560M PRO-VDH WIFI,Micro ATX,LGA1200
Gigabyte,Asus ProArt Z690-CREATOR WIFI,ATX,LGA1700
Gigabyte,Asus PRIME Z690-P,ATX,LGA1700
Gigabyte,Gigabyte Z690 AORUS PRO,ATX,LGA1700
Gigabyte,MSI MEG Z590 UNIFY,ATX,LGA1200
Gigabyte,Asus PRIME B450M-K,Micro ATX,AM4
Gigabyte,Gigabyte B560M DS3H V2,Micro ATX,LGA1200
Gigabyte,Gigabyte X570 AORUS ULTRA,ATX,AM4
Gigabyte,Gigabyte X570 AORUS PRO WIFI,ATX,AM4
Gigabyte,Gigabyte H610M S2H DDR4,Micro ATX,LGA1700
Gigabyte,Gigabyte Z590 AORUS ELITE AX,ATX,LGA1200
Gigabyte,ASRock Z590 Phantom Gaming-ITX/TB4,Mini ITX,LGA1200
Gigabyte,Asus TUF GAMING X570-PRO (WI-FI),ATX,AM4
Gigabyte,ASRock B660M-C,Micro ATX,LGA1700
Gigabyte,Gigabyte Z690 AORUS ULTRA,ATX,LGA1700
Gigabyte,Gigabyte B450 Gaming X,ATX,AM4
Gigabyte,Biostar B550MH,Micro ATX,AM4
Gigabyte,Asus TUF B450M-PRO GAMING,Micro ATX,AM4
Gigabyte,Asus TUF GAMING B660M-E D4,Micro ATX,LGA1700
Gigabyte,Gigabyte H610M S2H V2,Micro ATX,LGA1700
Gigabyte,Gigabyte Z690M AORUS ELITE DDR4,Micro ATX,LGA1700
Gigabyte,Gigabyte X570S UD,ATX,AM4
Gigabyte,Gigabyte Z590 AORUS PRO AX,ATX,LGA1200
Gigabyte,Asus PRIME B760M-A WIFI-CSM,Micro ATX,LGA1700
Gigabyte,MSI PRO B660M-G DDR4,Micro ATX,LGA1700
Gigabyte,Asus PRIME H410M-K,Micro ATX,LGA1200
Gigabyte,MSI PRO B660M-E DDR4,Micro ATX,LGA1700
Gigabyte,MSI B560M-A PRO,Micro ATX,LGA1200
Gigabyte,ASRock H610M-HDV/M.2,Micro ATX,LGA1700
Gigabyte,Gigabyte Z690 UD DDR4,ATX,LGA1700
Gigabyte,Gigabyte B560 AORUS PRO AX,ATX,LGA1200
Gigabyte,Asus ROG Crosshair VII Hero,ATX,AM4
Gigabyte,Asus TUF GAMING B550M-ZAKU (WI-FI),Micro ATX,AM4
Gigabyte,Gigabyte B550 AORUS MASTER,ATX,AM4
Gigabyte,Asus STRIX X370-F GAMING,ATX,AM4
Gigabyte,Gigabyte B560 HD3,ATX,LGA1200
Gigabyte,Biostar Z690A VALKYRIE,ATX,LGA1700
Gigabyte,Asus ROG STRIX Z490-I GAMING,Mini ITX,LGA1200
Gigabyte,MSI MPG Z590 GAMING EDGE WIFI,ATX,LGA1200
Gigabyte,Asus TUF GAMING B660M-PLUS D4,Micro ATX,LGA1700
Gigabyte,ASRock B560M Pro4,Micro ATX,LGA1200
Gigabyte,MSI PRO H610M-B DDR4,Micro ATX,LGA1700
Gigabyte,MSI B550-A PRO (CEC),ATX,AM4
Gigabyte,NZXT N7 Z590,ATX,LGA1200
Gigabyte,ASRock X370 KILLER SLI/ac,ATX,AM4
Gigabyte,MSI MAG B460M MORTAR WIFI,Micro ATX,LGA1200
Gigabyte,Gigabyte B660M AORUS ELITE AX DDR4,Micro ATX,LGA1700
Gigabyte,Asus PRIME Z590-V,ATX,LGA1200
Gigabyte,Asus PRIME Z590M-PLUS,Micro ATX,LGA1200
Gigabyte,ASRock Z590M Pro4,Micro ATX,LGA1200
Gigabyte,MSI MPG Z590 GAMING FORCE,ATX,LGA1200
Gigabyte,ASRock X570D4U-2L2T,Micro ATX,AM4
Gigabyte,Gigabyte B760M GAMING WIFI,Micro ATX,LGA1700
Gigabyte,Gigabyte H410M S2 V3,Micro ATX,LGA1200
Gigabyte,Gigabyte B760 AORUS ELITE,ATX,LGA1700
Gigabyte,Asus Prime A320I-K,Mini ITX,AM4
Gigabyte,Asus TUF B450-Pro Gaming,ATX,AM4
Gigabyte,Gigabyte Z590 AORUS ELITE,ATX,LGA1200
Gigabyte,Asus PRIME B760M-A AX6,Micro ATX,LGA1700
Gigabyte,ASRock H510M-HVS,Micro ATX,LGA1200
Gigabyte,Gigabyte A520M AORUS ELITE,Micro ATX,AM4
Gigabyte,Asus TUF GAMING B450M-PRO S,Micro ATX,AM4
Gigabyte,MSI H410M-A PRO,Micro ATX,LGA1200
Gigabyte,Asus TUF GAMING Z490-PLUS,ATX,LGA1200
Gigabyte,ASRock B560M Steel Legend,Micro ATX,LGA1200
Gigabyte,ASRock B660M Pro RS/D5,Micro ATX,LGA1700
Gigabyte,ASRock B560 Pro4,ATX,LGA1200
Gigabyte,MSI PRO Z790-VC WIFI,ATX,LGA1700
Gigabyte,Asus ROG STRIX Z590-F GAMING WIFI,ATX,LGA1200
Gigabyte,Asus CROSSHAIR VI HERO (WI-FI AC),ATX,AM4
Gigabyte,Gigabyte Z790 S WIFI DDR4 (rev. 1.1/1.2),ATX,LGA1700
Gigabyte,Asus PRIME H610M-K ARGB,Micro ATX,LGA1700
Gigabyte,Asus PRIME B560M-K,Micro ATX,LGA1200
Gigabyte,MSI MEG Z590 ACE,ATX,LGA1200
Gigabyte,Asus PRIME Z790-V WIFI-CSM,ATX,LGA1700
Gigabyte,MSI A520M PRO-VDH,Micro ATX,AM4
Gigabyte,NZXT N7 Z490,ATX,LGA1200
Gigabyte,Gigabyte Z690I AORUS ULTRA LITE DDR4 (rev. 1.0),Mini ITX,LGA1700
Gigabyte,Biostar X370GTN,Mini ITX,AM4
Gigabyte,ASRock B460 Steel Legend,ATX,LGA1200
Gigabyte,MSI B550M PRO,Micro ATX,AM4
Gigabyte,MSI PRO-B660M-B-DDR4,Micro ATX,LGA1700
Gigabyte,MSI MAG Z690 TORPEDO,ATX,LGA1700
Gigabyte,Gigabyte Z590 UD,ATX,LGA1200
Gigabyte,ASRock X570 Extreme4,ATX,AM4
Gigabyte,Gigabyte Z790M AORUS ELITE,Micro ATX,LGA1700
Gigabyte,ASRock Z490 Taichi,ATX,LGA1200
Gigabyte,Gigabyte H410M H,Micro ATX,LGA1200
Gigabyte,ASRock A320M Pro4,Micro ATX,AM4
Gigabyte,EVGA X570 DARK,EATX,AM4
Gigabyte,MSI MAG B560M MORTAR,Micro ATX,LGA1200
Gigabyte,Asus PRIME H510M-R,Micro ATX,LGA1200
Gigabyte,MSI A320M PRO-VD/S,Micro ATX,AM4
Gigabyte,MSI MPG B460I GAMING EDGE WIFI,Mini ITX,LGA1200
Gigabyte,Biostar B760NH-E,Mini ITX,LGA1700
Gigabyte,ASRock Z590 Extreme WiFi 6E,ATX,LGA1200
Gigabyte,MSI Z590 PRO WIFI (CEC),ATX,LGA1200
Gigabyte,MSI X470 GAMING M7 AC,ATX,AM4
Gigabyte,Asus ROG STRIX B460-G GAMING,Micro ATX,LGA1200
Gigabyte,Asus PRIME H510M-A R2.0,Micro ATX,LGA1200
Gigabyte,Asus PRIME H610I-PLUS,Mini ITX,LGA1700
Gigabyte,Gigabyte Z690I AORUS ULTRA PLUS (rev. 1.0),Mini ITX,LGA1700
Gigabyte,Asus PRIME A320M-C R2.0,Micro ATX,AM4
Gigabyte,Biostar Z790 VALKYRIE,ATX,LGA1700
Gigabyte,ASRock Fatal1ty X470 Gaming K4,ATX,AM4
Gigabyte,Gigabyte Q670M D3H,Micro ATX,LGA1700
Gigabyte,Gigabyte GA-A320MA-M.2 (rev. 1.0),Micro ATX,AM4
Gigabyte,ASRock B460 Pro4,ATX,LGA1200
Gigabyte,Asus PRIME H610M-K D4-ARGB,Micro ATX,LGA1700
Gigabyte,Asus Pro B560M-CT/CSM,Micro ATX,LGA1200
Gigabyte,Gigabyte B460M AORUS PRO,Micro ATX,LGA1200
Gigabyte,MSI X370 KRAIT GAMING,ATX,AM4
Gigabyte,MSI B460M PRO-VDH,Micro ATX,LGA1200
Gigabyte,MSI A320M GRENADE,Micro ATX,AM4
Gigabyte,Asus TUF GAMING B460-PRO (WI-FI),ATX,LGA1200
Gigabyte,Gigabyte B760M GAMING X,Micro ATX,LGA1700
Gigabyte,Asus PRIME B550M-K ARGB-CSM,Micro ATX,AM4
Gigabyte,MSI MAG H670 TOMAHAWK WIFI DDR4,ATX,LGA1700
Gigabyte,ASRock B660M PG Riptide,Micro ATX,LGA1700
Gigabyte,MSI PRO Z690-P WIFI,ATX,LGA1700
Gigabyte,Gigabyte B560M AORUS PRO,Micro ATX,LGA1200
Gigabyte,Gigabyte B660M GAMING DDR4,Micro ATX,LGA1700
Gigabyte,Gigabyte B760M AORUS ELITE,Micro ATX,LGA1700
Gigabyte,ECS A320AM4-M3D,Micro ATX,AM4
Gigabyte,Gigabyte B560I AORUS PRO AX,Mini ITX,LGA1200
Gigabyte,Gigabyte B760M D2H DDR4,Micro ATX,LGA1700
Gigabyte,MSI B450M PRO-M2 V2,Micro ATX,AM4
Gigabyte,MSI B560M PRO,Micro ATX,LGA1200
Gigabyte,Colorful BATTLE-AX Z790M-PLUS D5 V20,Micro ATX,LGA1700
Gigabyte,MSI B760M GAMING WIFI,Micro ATX,LGA1700
Gigabyte,Biostar B560MHP 2.0,Micro ATX,LGA1200
Gigabyte,ASRock Z590M-ITX/ax,Mini ITX,LGA1200
Gigabyte,MSI H410M PRO-VH,Micro ATX,LGA1200
Gigabyte,Gigabyte Z690 UD AX,ATX,LGA1700
Gigabyte,ASRock Z690-C/ac,ATX,LGA1700
Gigabyte,Gigabyte Z490 AORUS XTREME,EATX,LGA1200
Gigabyte,Biostar Z790A-SILVER,ATX,LGA1700
Gigabyte,MSI B560M PRO WIFI,Micro ATX,LGA1200
Gigabyte,Asus ROG STRIX Z490-H GAMING,ATX,LGA1200
Gigabyte,Biostar X470GTN,Mini ITX,AM4
Gigabyte,Asus PRIME H610M-R D4-CSM,Micro ATX,LGA1700
Gigabyte,ASRock Z590 Taichi,ATX,LGA1200
Gigabyte,Gigabyte H470M H,Micro ATX,LGA1200
Gigabyte,Gigabyte X470 AORUS GAMING 7 WIFI-50,ATX,AM4
Gigabyte,Biostar B660MXC PRO,Micro ATX,LGA1700
Gigabyte,Gigabyte Z590M,Micro ATX,LGA1200
Gigabyte,Supermicro C9Z490-PGW,ATX,LGA1200
Gigabyte,Gigabyte H510M-S2H-V2-rev-13,Micro ATX,LGA1200
Gigabyte,ASRock Z590 OC Formula,EATX,LGA1200
Gigabyte,Gigabyte H470 HD3,ATX,LGA1200
Gigabyte,Biostar A32M2,Micro ATX,AM4
Gigabyte,Gigabyte B760M GAMING WIFI PLUS,Micro ATX,LGA1700
Gigabyte,Gigabyte Z490 UD AC-Y1,ATX,LGA1200
Gigabyte,MSI PRO B760-P DDR4,ATX,LGA1700
Gigabyte,Gigabyte Z490 VISION D,ATX,LGA1200
Gigabyte,Asus PRIME H410M-A/CSM,Micro ATX,LGA1200
Gigabyte,Biostar B760A-SILVER,ATX,LGA1700
Gigabyte,Biostar A320MH PRO,Micro ATX,AM4
Gigabyte,Gigabyte GA-AX370M-Gaming 3,Micro ATX,AM4
Gigabyte,Gigabyte GA-B460M AORUS ELITE,Micro ATX,LGA1200
Gigabyte,MSI A320M PRO-M2,Micro ATX,AM4
Gigabyte,Gigabyte H410M S2 V2,Micro ATX,LGA1200
Gigabyte,MSI X370 GAMING PRO CARBON AC,ATX,AM4
Gigabyte,Gigabyte B760M POWER,Micro ATX,LGA1700
Gigabyte,MSI PRO H610M-G II,Micro ATX,LGA1700
Gigabyte,Biostar Z590MHP,Micro ATX,LGA1200
Gigabyte,Asus PRIME H570M-PLUS,Micro ATX,LGA1200
Gigabyte,Gigabyte B660M D2H DDR4,Micro ATX,LGA1700
Gigabyte,Asus PRIME B760M-A D4-CSM,Micro ATX,LGA1700
Gigabyte,MSI B550M PRO-DASH,Micro ATX,AM4
Gigabyte,MSI PRO H610M-S WIFI DDR4,Micro ATX,LGA1700
Gigabyte,Gigabyte B660-AORUS-ELITE-AX-DDR4,ATX,LGA1700
Gigabyte,MSI PRO B660M-B,Micro ATX,LGA1700
Gigabyte,Gigabyte B760M AORUS ELITE DDR4,Micro ATX,LGA1700
Gigabyte,MSI PRO B760M-B,Micro ATX,LGA1700
Gigabyte,Asus PRIME Z790-V AX-CSM,ATX,LGA1700
Gigabyte,Biostar B660MX-E,Micro ATX,LGA1700
Gigabyte,MSI X370 GAMING M7 ACK,ATX,AM4
Gigabyte,ASRock H510M/ac,Micro ATX,LGA1200
Gigabyte,Biostar B760MX2-E,Micro ATX,LGA1700
Gigabyte,ECS B450AM4-M,Micro ATX,AM4
Gigabyte,Asus PRIME B460I-PLUS,Mini ITX,LGA1200
Gigabyte,EVGA Z490 DARK,EATX,LGA1200
Gigabyte,ASRock A520M-HDVP/DASH,Micro ATX,AM4
Gigabyte,Asus PRIME H670-PLUS D4-CSM,ATX,LGA1700
Gigabyte,Biostar H510MHP,Micro ATX,LGA1200
Gigabyte,Biostar X570GT,Micro ATX,AM4
Gigabyte,Gigabyte H410M DS2V V2,Micro ATX,LGA1200
Gigabyte,MSI PRO H610M-C EX,Micro ATX,LGA1700
Gigabyte,Asus PRO-B660M-C-CSM,Micro ATX,LGA1700
Gigabyte,MSI PRO-A320M-B,Micro ATX,AM4
Gigabyte,MSI PRO B760M-A DDR4,Micro ATX,LGA1700
Gigabyte,Gigabyte B660 DS3H AC,ATX,LGA1700
Gigabyte,Biostar X370GT5,ATX,AM4
Gigabyte,Asus Pro Q470M-C/CSM,Micro ATX,LGA1200
Gigabyte,Gigabyte H610M HD3P (rev. 1.0),Micro ATX,LGA1700
Gigabyte,Gigabyte B660M AORUS ELITE DDR4,Micro ATX,LGA1700
Gigabyte,Gigabyte Z690 AORUS ELITE AX DDR4 V2,ATX,LGA1700
Gigabyte,Gigabyte H510M S2 V2,Micro ATX,LGA1200
Gigabyte,Gigabyte B660M GAMING X AX,Micro ATX,LGA1700
Gigabyte,Gigabyte B660M GAMING X,Micro ATX,LGA1700
Gigabyte,Gigabyte B760M POWER DDR4,Micro ATX,LGA1700
Gigabyte,Gigabyte B360 M AORUS PRO (rev.1.0),Micro ATX,LGA1700
Gigabyte,Gigabyte H410M SH2 V2,Micro ATX,LGA1200
Gigabyte,Gigabyte B660M AORUS Pro,Micro ATX,LGA1700
Gigabyte,Gigabyte B660M POWER DDR4,Micro ATX,LGA1700
Gigabyte,Gigabyte Z690 GAMING X DDR4 V2,ATX,LGA1700
Gigabyte,Gigabyte Z690 UD DDR4 V2,ATX,LGA1700
Gigabyte,Gigabyte H410M K,Micro ATX,LGA1200
Gigabyte,Gigabyte B760M D,Micro ATX,LGA1700
Gigabyte,Gigabyte B760 AORUS ELITE DDR4,ATX,LGA1700
Gigabyte,Gigabyte B760M AORUS PRO,Micro ATX,LGA1700
Gigabyte,Gigabyte B560M DS3H PLUS,Micro ATX,LGA1200
Gigabyte,Gigabyte H610M S2,Micro ATX,LGA1700
Gigabyte,Gigabyte H610M D3H DDR4 (rev. 1.0),Micro ATX,LGA1700
Gigabyte,Gigabyte Z790 S WIFI DDR4 (rev. 1.0),ATX,LGA1700
Gigabyte,Gigabyte H610M HD3P (rev. 2.0),Micro ATX,LGA1700
Gigabyte,Gigabyte B760M AORUS PRO DDR4,Micro ATX,LGA1700
Gigabyte,Gigabyte B760M D DDR4,Micro ATX,LGA1700
Gigabyte,Gigabyte H610M S2 V3 DDR4,Micro ATX,LGA1700
MSI,MSI B760 GAMING PLUS WIFI,ATX,LGA1700
MSI,MSI B550 GAMING GEN3,ATX,AM4
MSI,MSI PRO Z790-A MAX WIFI,ATX,LGA1700
MSI,MSI B450M-A PRO MAX II,Micro ATX,AM4
MSI,MSI MAG B550 TOMAHAWK MAX WIFI,ATX,AM4
MSI,MSI PRO B550M-VC WIFI,Micro ATX,AM4
MSI,MSI PRO Z790-P WIFI,ATX,LGA1700
MSI,MSI MAG Z790 TOMAHAWK WIFI,ATX,LGA1700
MSI,MSI B550-A PRO,ATX,AM4
MSI,MSI PRO B760-P WIFI DDR4,ATX,LGA1700
MSI,MSI B550M PRO-VDH WIFI,Micro ATX,AM4
MSI,MSI PRO H610M-G DDR4,Micro ATX,LGA1700
MSI,MSI B450M PRO-VDH MAX,Micro ATX,AM4
MSI,Asus TUF GAMING X570-PLUS (WI-FI),ATX,AM4
MSI,Gigabyte B550 AORUS ELITE AX V2,ATX,AM4
MSI,Gigabyte H410M H V2,Micro ATX,LGA1200
MSI,Asus ROG STRIX Z790-E GAMING WIFI,ATX,LGA1700
MSI,Gigabyte B550I AORUS PRO AX,Mini ITX,AM4
MSI,MSI B450 TOMAHAWK MAX,ATX,AM4
MSI,ASRock H610M-HVS,Micro ATX,LGA1700
MSI,Gigabyte B760 GAMING X AX,ATX,LGA1700
MSI,MSI PRO Z790-S WIFI,ATX,LGA1700
MSI,Asus ROG STRIX Z690-I GAMING WIFI,Mini ITX,LGA1700
MSI,Asus ROG STRIX B450-F GAMING II,ATX,AM4
MSI,Asus TUF GAMING B550M-PLUS WIFI II,Micro ATX,AM4
MSI,MSI PRO-H610M-E-DDR4,Micro ATX,LGA1700
MSI,ASRock B550 Phantom Gaming-ITX/ax,Mini ITX,AM4
MSI,MSI MAG Z790 TOMAHAWK MAX WIFI,ATX,LGA1700
MSI,Asus PRIME B550-PLUS AC-HES,ATX,AM4
MSI,ASRock B450M-HDV R4.0,Micro ATX,AM4
MSI,MSI MPG Z790I EDGE WIFI,Mini ITX,LGA1700
MSI,Asus ROG STRIX Z790-A GAMING WIFI D4,ATX,LGA1700
MSI,ASRock B760M-HDV/M.2 D4,Micro ATX,LGA1700
MSI,MSI MAG B560M MORTAR WIFI,Micro ATX,LGA1200
MSI,ASRock B550 Pro4,ATX,AM4
MSI,Asus ROG Crosshair VIII Dark Hero,ATX,AM4
MSI,MSI PRO Z790-P WIFI DDR4,ATX,LGA1700
MSI,ASRock B450M Steel Legend,Micro ATX,AM4
MSI,MSI MAG B760M MORTAR WIFI II,Micro ATX,LGA1700
MSI,MSI Z790 GAMING PLUS WIFI,ATX,LGA1700
MSI,ASRock Z790 Nova WiFi,ATX,LGA1700
MSI,Gigabyte Z790 D AC,ATX,LGA1700
MSI,Gigabyte B450M DS3H,Micro ATX,AM4
MSI,Asus TUF GAMING B760M-PLUS WIFI,Micro ATX,LGA1700
MSI,Gigabyte Z790 UD AC,ATX,LGA1700
MSI,Asus PRIME B450M-K II,Micro ATX,AM4
MSI,MSI Z490-A PRO,ATX,LGA1200
MSI,Asus PRIME Z790M-PLUS,Micro ATX,LGA1700
MSI,MSI PRO B760M-A WIFI,Micro ATX,LGA1700
MSI,Asus ROG STRIX Z590-E GAMING WIFI,ATX,LGA1200
MSI,MSI MPG Z790 CARBON WIFI II,ATX,LGA1700
MSI,ASRock B760M PG Lightning,Micro ATX,LGA1700
MSI,MSI MEG Z690 ACE,EATX,LGA1700
MSI,Asus TUF GAMING X570-PRO WIFI II,ATX,AM4
MSI,Gigabyte B450M DS3H V2,Micro ATX,AM4
MSI,ASRock X570 Phantom Gaming 4S,ATX,AM4
MSI,MSI MPG X570 GAMING PLUS,ATX,AM4
MSI,Gigabyte X570 AORUS ELITE,ATX,AM4
MSI,Gigabyte GA-A320M-S2H,Micro ATX,AM4
MSI,Gigabyte Z790 AORUS PRO X WIFI7,ATX,LGA1700
MSI,ASRock Z790 Steel Legend WiFi,ATX,LGA1700
MSI,MSI PRO Z690-A DDR4,ATX,LGA1700
MSI,MSI PRO B660M-A WIFI DDR4,Micro ATX,LGA1700
MSI,MSI MPG Z490 GAMING PLUS,ATX,LGA1200
MSI,ASRock H610M-ITX/ac,Mini ITX,LGA1700
MSI,Asus PRIME B760-PLUS D4,ATX,LGA1700
MSI,Asus PRIME B760M-A,Micro ATX,LGA1700
MSI,ASRock X570 Phantom Gaming 4 WiFi ax,ATX,AM4
MSI,MSI MEG Z790 ACE,EATX,LGA1700
MSI,Asus PRIME X570-P,ATX,AM4
MSI,Asus Prime Z590-P WiFi,ATX,LGA1200
MSI,Gigabyte B560M DS3H AC,Micro ATX,LGA1200
MSI,Gigabyte B760 DS3H AX,ATX,LGA1700
MSI,ASRock Z790 PG-ITX/TB4,Mini ITX,LGA1700
MSI,Asus PRIME B550M-K ARGB,Micro ATX,AM4
MSI,ASRock Z790 Taichi Lite,EATX,LGA1700
MSI,Asus PRIME B760M-A AX,Micro ATX,LGA1700
MSI,Gigabyte A520M H,Micro ATX,AM4
MSI,ASRock B760M PG Lightning Wifi,Micro ATX,LGA1700
MSI,MSI MAG B760M MORTAR WIFI,Micro ATX,LGA1700
MSI,ASRock X570 Steel Legend,ATX,AM4
MSI,ASRock B760M PG Lightning/D4,Micro ATX,LGA1700
MSI,MSI MPG Z790 EDGE WIFI DDR4,ATX,LGA1700
MSI,Gigabyte X570 I AORUS PRO WIFI,Mini ITX,AM4
MSI,MSI X570-A PRO,ATX,AM4
MSI,MSI B450M MORTAR MAX,Micro ATX,AM4
MSI,MSI Z590-A PRO,ATX,LGA1200
MSI,Asus TUF GAMING B550M-E WIFI,Micro ATX,AM4
MSI,Asus ROG Strix B450-I Gaming,Mini ITX,AM4
MSI,Asus ROG Strix X570-F Gaming,ATX,AM4
MSI,Gigabyte H510M H V2,Micro ATX,LGA1200
MSI,MSI PRO B760-P WIFI,ATX,LGA1700
MSI,Gigabyte B550 AORUS PRO AC,ATX,AM4
MSI,ASRock B550M-C,Micro ATX,AM4
MSI,Asus ROG STRIX B550-E GAMING,ATX,AM4
MSI,Gigabyte X570S AORUS ELITE AX,ATX,AM4
MSI,MSI MPG X570S CARBON MAX WIFI,ATX,AM4
MSI,Gigabyte B460M DS3H AC,Micro ATX,LGA1200
MSI,Asus ROG Crosshair VIII Hero,ATX,AM4
MSI,Asus Prime B760M-K,Micro ATX,LGA1700
MSI,Gigabyte X470 AORUS ULTRA GAMING,ATX,AM4
MSI,Gigabyte Z790M AORUS ELITE AX,Micro ATX,LGA1700
MSI,Asus TUF GAMING B550-PRO,ATX,AM4
MSI,Gigabyte X570S AORUS MASTER,ATX,AM4
MSI,Asus TUF GAMING B450M-PRO II,Micro ATX,AM4
MSI,Gigabyte Z790 UD,ATX,LGA1700
MSI,Asus Pro H510M-CT/CSM,Micro ATX,LGA1200
MSI,ASRock Z790 Pro RS/D4,ATX,LGA1700
MSI,MSI MPG B550I GAMING EDGE WIFI,Mini ITX,AM4
MSI,Asus ROG Crosshair VIII Extreme,EATX,AM4
MSI,Gigabyte Z790M AORUS ELITE AX ICE,Micro ATX,LGA1700
MSI,Gigabyte Z490 AORUS ELITE,ATX,LGA1200
MSI,ASRock Z690 Phantom Gaming 4,ATX,LGA1700
MSI,Asus ROG STRIX Z690-A GAMING WIFI,ATX,LGA1700
MSI,Gigabyte Z790 GAMING X,ATX,LGA1700
MSI,MSI B550M PRO-VDH,Micro ATX,AM4
MSI,Biostar H610MH,Micro ATX,LGA1700
MSI,MSI MAG B550M MORTAR,Micro ATX,AM4
MSI,Asus TUF GAMING H770-PRO WIFI,ATX,LGA1700
MSI,ASRock H470M-HVS,Micro ATX,LGA1200
MSI,ASRock B450M-HDV,Micro ATX,AM4
MSI,ASRock H510M-HDV/M.2,Micro ATX,LGA1200
MSI,Asus PRIME B550M-A (WI-FI),Micro ATX,AM4
MSI,Asus PRIME X370-PRO,ATX,AM4
MSI,ASRock B550 Extreme4,ATX,AM4
MSI,MSI MEG Z590 UNIFY-X,ATX,LGA1200
MSI,Asus ROG Crosshair VIII Formula,ATX,AM4
MSI,Gigabyte Z790 AORUS ELITE DDR4,ATX,LGA1700
MSI,MSI PRO B760-VC WIFI IV,ATX,LGA1700
MSI,ASRock A520M Pro4,Micro ATX,AM4
MSI,Asus ROG MAXIMUS Z790 APEX,ATX,LGA1700
MSI,Gigabyte Z590 VISION G,ATX,LGA1200
MSI,Gigabyte B460M DS3H V2,Micro ATX,LGA1200
MSI,Gigabyte Z490 VISION G,ATX,LGA1200
MSI,MSI B450I GAMING PLUS MAX WIFI,Mini ITX,AM4
MSI,Biostar B450MHP,Micro ATX,AM4
MSI,ASRock Z490 Phantom Gaming-ITX/TB3,Mini ITX,LGA1200
MSI,ASRock B460M Pro4,Micro ATX,LGA1200
MSI,ASRock B450M Pro4-F R2.0,Micro ATX,AM4
MSI,Gigabyte B550 AORUS PRO V2,ATX,AM4
MSI,MSI B450M BAZOOKA V2,Micro ATX,AM4
MSI,NZXT N5 Z690,ATX,LGA1700
MSI,ASRock B550M/ac,Micro ATX,AM4
MSI,Asus PRIME Z690M-PLUS D4,Micro ATX,LGA1700
MSI,Asus Pro B550M-C/CSM,Micro ATX,AM4
MSI,MSI MEG X570 ACE,ATX,AM4
MSI,ASRock Fatal1ty B450 GAMING K4,ATX,AM4
MSI,MSI PRO B660-A DDR4,ATX,LGA1700
MSI,MSI B450 Gaming Plus,ATX,AM4
MSI,MSI MPG B550I GAMING EDGE MAX WIFI,Mini ITX,AM4
MSI,Gigabyte H610M H DDR4,Micro ATX,LGA1700
MSI,Gigabyte X570S AORUS ELITE,ATX,AM4
MSI,Gigabyte B450M GAMING,Micro ATX,AM4
MSI,Asus ROG STRIX Z590-I GAMING WIFI,Mini ITX,LGA1200
MSI,ASRock B760M PG Riptide Wifi,Micro ATX,LGA1700
MSI,ASRock B660M Phantom Gaming 4,Micro ATX,LGA1700
MSI,Gigabyte B660M AORUS Pro AX DDR4,Micro ATX,LGA1700
MSI,ASRock B760M Pro-A D4 WiFi,Micro ATX,LGA1700
MSI,Gigabyte B660-AORUS-ELITE-DDR4,ATX,LGA1700
MSI,Asus ProArt B760-CREATOR,ATX,LGA1700
MSI,Asus PRIME A320M-A,Micro ATX,AM4
MSI,Asus PRIME H410M-E,Micro ATX,LGA1200
MSI,ASRock Z590-C/ac,ATX,LGA1200
MSI,Asus Pro B660M-C D4-CSM,Micro ATX,LGA1700
MSI,ASRock X570 PG Velocita,ATX,AM4
MSI,EVGA Z790 DARK K|NGP|N,EATX,LGA1700
MSI,MSI X470 GAMING PRO CARBON,ATX,AM4
MSI,Gigabyte Z590 AORUS ULTRA,ATX,LGA1200
MSI,Colorful CVN X570M GAMING FROZEN V14,Micro ATX,AM4
MSI,Asus ROG STRIX Z490-F GAMING,ATX,LGA1200
MSI,Asus ROG STRIX X470-I GAMING,Mini ITX,AM4
MSI,MSI PRO B660M-A WIFI,Micro ATX,LGA1700
MSI,Asus PRIME H610M-A D4,Micro ATX,LGA1700
MSI,ASRock H410M-ITX/ac,Mini ITX,LGA1200
MSI,Asus ROG STRIX Z490-A GAMING,ATX,LGA1200
MSI,Gigabyte B550M S2H,Micro ATX,AM4
MSI,Gigabyte B660 DS3H AX DDR4,ATX,LGA1700
MSI,MSI MAG B460 TORPEDO,ATX,LGA1200
MSI,MSI PRO B550-P GEN3,ATX,AM4
MSI,MSI B450M BAZOOKA,Micro ATX,AM4
MSI,MSI MAG B460M MORTAR,Micro ATX,LGA1200
MSI,ASRock H610M-ITX/eDP,Mini ITX,LGA1700
MSI,MSI B450M PRO-VDH,Micro ATX,AM4
MSI,ASRock X370 Taichi,ATX,AM4
MSI,MSI X470 GAMING PRO,ATX,AM4
MSI,MSI MEG X570S UNIFY-X MAX,ATX,AM4
MSI,ASRock H670M Pro RS,Micro ATX,LGA1700
MSI,Gigabyte Z490I AORUS ULTRA,Mini ITX,LGA1200
MSI,Asus PRIME H510M-A/CSM,Micro ATX,LGA1200
MSI,Asus ROG STRIX Z490-G GAMING (WI-FI),Micro ATX,LGA1200
MSI,MSI MAG B560 TORPEDO,ATX,LGA1200
MSI,Gigabyte X570S AORUS PRO AX,ATX,AM4
MSI,MSI MEG B550 UNIFY,ATX,AM4
MSI,Asus PRO A520M-C II/CSM,Micro ATX,AM4
MSI,Asus ROG MAXIMUS XII EXTREME,EATX,LGA1200
MSI,Gigabyte B550 AORUS PRO,ATX,AM4
MSI,MSI MAG B460 TOMAHAWK,ATX,LGA1200
MSI,ASRock X470 Master SLI/AC,ATX,AM4
MSI,Gigabyte A520M DS3H AC,Micro ATX,AM4
MSI,ASRock B760M-C,Micro ATX,LGA1700
MSI,Gigabyte Z490 AORUS MASTER,ATX,LGA1200
MSI,Gigabyte X570S GAMING X,ATX,AM4
MSI,MSI PRO Z790-P DDR4,ATX,LGA1700
MSI,Gigabyte GA-AX370-Gaming K7,ATX,AM4
MSI,Gigabyte B760 AORUS MASTER DDR4,ATX,LGA1700
MSI,MSI MAG B660 TOMAHAWK WIFI,ATX,LGA1700
MSI,Gigabyte X570 AORUS PRO,ATX,AM4
MSI,MSI PRO B660M-P DDR4,Micro ATX,LGA1700
MSI,Asus PRIME A320M-E,Micro ATX,AM4
MSI,ASRock A320M-DVS R4.0,Micro ATX,AM4
MSI,NZXT N7 Z490,ATX,LGA1200
MSI,Gigabyte B760M D3H DDR4,Micro ATX,LGA1700
MSI,Gigabyte Z590 VISION D,ATX,LGA1200
MSI,Gigabyte B550M GAMING,Micro ATX,AM4
MSI,Gigabyte Z690I AORUS ULTRA DDR4,Mini ITX,LGA1700
MSI,MSI MPG Z790 CARBON MAX WIFI II,ATX,LGA1700
MSI,Asus PRIME Z490M-PLUS,Micro ATX,LGA1200
MSI,Asus PRO H610M-CT D4-CSM,Micro ATX,LGA1700
MSI,MSI MAG A520M VECTOR WIFI,Micro ATX,AM4
MSI,Biostar B760MZ-E PRO,Micro ATX,LGA1700
MSI,Asus PRIME B760M-A-CSM,Micro ATX,LGA1700
MSI,MSI MEG Z590 GODLIKE,EATX,LGA1200
MSI,Gigabyte GA-AX370-Gaming,ATX,AM4
MSI,Biostar H510MHP 2.0,Micro ATX,LGA1200
MSI,MSI PRO B760M-E,Micro ATX,LGA1700
MSI,Colorful CVN Z790M FROZEN D5 V20,Micro ATX,LGA1700
MSI,Gigabyte Z690I AORUS ULTRA LITE,Mini ITX,LGA1700
MSI,ASRock Z590 Steel Legend WiFi 6E,ATX,LGA1200
MSI,Asus Pro H410M-C/CSM,Micro ATX,LGA1200
MSI,ASRock B660 Steel Legend,ATX,LGA1700
MSI,Asus ROG STRIX X370-I GAMING,Mini ITX,AM4
MSI,MSI B450M BAZOOKA PLUS,Micro ATX,AM4
MSI,MSI MEG Z490 GODLIKE,EATX,LGA1200
MSI,ASRock Z790-C,ATX,LGA1700
MSI,MSI X370 GAMING PRO,ATX,AM4
MSI,MSI A320M PRO-M2 V2,Micro ATX,AM4
MSI,Gigabyte Z490 AORUS ULTRA,ATX,LGA1200
MSI,Gigabyte Z790 AORUS TACHYON,EATX,LGA1700
MSI,ASRock X370 Killer SLI,ATX,AM4
MSI,Biostar B660GTA,ATX,LGA1700
MSI,ASRock B760M-H2/M.2,Micro ATX,LGA1700
MSI,ASRock H470M-HDV,Micro ATX,LGA1200
MSI,Asus ROG Maximus XIII Apex,ATX,LGA1200
MSI,Asus ROG STRIX B460-I GAMING,Mini ITX,LGA1200
MSI,ASRock H470M-HDV/M.2,Micro ATX,LGA1200
MSI,Gigabyte B460 AORUS PRO AC,ATX,LGA1200
MSI,MSI PRO B660M-G,Micro ATX,LGA1700
MSI,Biostar B550GTQ,Micro ATX,AM4
MSI,MSI MEG Z590I UNIFY,Mini ITX,LGA1200
MSI,Gigabyte H470M DS3H,Micro ATX,LGA1200
MSI,Gigabyte Z490 GAMING X AX,ATX,LGA1200
MSI,ASRock H570M-ITX/ac,Mini ITX,LGA1200
MSI,ASRock Z590 PG Velocita,ATX,LGA1200
MSI,Asus PRIME H470-PLUS,ATX,LGA1200
MSI,ASRock H410M-HVS,Micro ATX,LGA1200
MSI,Gigabyte Z490 UD AC,ATX,LGA1200
MSI,Gigabyte Z790 AORUS ELITE,ATX,LGA1700
MSI,EVGA Z590 DARK,EATX,LGA1200
MSI,Asus PRIME B760M-K D4-CSM,Micro ATX,LGA1700
MSI,ASRock Fatal1ty X370 Professional Gaming,ATX,AM4
MSI,ASRock B460M Steel Legend,Micro ATX,LGA1200
MSI,MSI B560-A PRO,ATX,LGA1200
MSI,Gigabyte Z790 S DDR4 (rev. 1.0),ATX,LGA1700
MSI,Asus PRIME B560M-A/CSM,Micro ATX,LGA1200
MSI,Asus ProART Z490-CREATOR 10G,ATX,LGA1200
MSI,Gigabyte Z690 UD AC,ATX,LGA1700
MSI,Asus TUF GAMING H470-PRO (WI-FI),ATX,LGA1200
MSI,Gigabyte Z690 AORUS ELITE,ATX,LGA1700
MSI,ASRock Z490M Pro4,Micro ATX,LGA1200
MSI,MSI PRO B760M-A DDR4 II,Micro ATX,LGA1700
MSI,Biostar H510MH/E 2.0,Micro ATX,LGA1200
MSI,ASRock X370M Pro4,Micro ATX,AM4
MSI,Biostar Racing Z490A-Silver,ATX,LGA1200
MSI,Biostar Z590 VALKYRIE,ATX,LGA1200
MSI,ASRock Z690-C/D5,ATX,LGA1700
MSI,Asus PRIME H610M-D,Micro ATX,LGA1700
MSI,ASRock Z490 Phantom Gaming 4/ac,ATX,LGA1200
MSI,ASRock H470M Pro4,Micro ATX,LGA1200
MSI,ASRock Z590 Extreme,ATX,LGA1200
MSI,Biostar B760MX2-E PRO D4,Micro ATX,LGA1700
MSI,Gigabyte H470I AORUS PRO AX,Mini ITX,LGA1200
MSI,Biostar H610MX-E,Micro ATX,LGA1700
MSI,Gigabyte Z590 AORUS TACHYON,EATX,LGA1200
MSI,Gigabyte B550M H,Micro ATX,AM4
MSI,Biostar H510MH 2.0,Micro ATX,LGA1200
MSI,Asus PRIME H510M-E R2.0,Micro ATX,LGA1200
MSI,Gigabyte B460M D2V,Micro ATX,LGA1200
MSI,Biostar H410MHG,Micro ATX,LGA1200
MSI,Asus PRIME B760M-R D4-CSM,Micro ATX,LGA1700
MSI,Gigabyte H410M DS2V,Micro ATX,LGA1200
MSI,MSI Z590M PRO,Micro ATX,LGA1200
MSI,MSI PRO B760M-G,Micro ATX,LGA1700
