Aerocool,Aerocool Integrator 500,bronze,500
Antec,Antec Earthwatts 500,bronze,500
be quiet!,be quiet! Pure Power L8 500,bronze,500
be quiet!,be quiet! System Power 9 500,bronze,500
be quiet!,be quiet! System Power 9 500 CM 500,bronze,500
be quiet!,be quiet! System Power U9 500,bronze,500
Cooler,Cooler Master i500 500,bronze,500
Cooler,Cooler Master MWE Bronze 500,bronze,500
Cooler,Cooler Master MWE Bronze V2 500,bronze,500
Corsair,Corsair CX500 500,bronze,500
Corsair,Corsair CX-500 V3 500,bronze,500
Corsair,Corsair CX500M 500,bronze,500
Corsair,Corsair Vengeance 500 500,bronze,500
Corsair,Corsair VS500 (2020) 500,bronze,500
Deepcool,Deepcool DA500 500,bronze,500
Deepcool,Deepcool PK500D 500,bronze,500
EVGA,EVGA 500 B1 500,bronze,500
EVGA,EVGA 500 BA 500,bronze,500
EVGA,EVGA 500 BQ 500,bronze,500
EVGA,EVGA 500 BR 500,bronze,500
EVGA,EVGA 500 BT 500,bronze,500
Fractal,Fractal Design Integra R2 500,bronze,500
FSP,FSP Group Berserker 500 500,bronze,500
FSP,FSP Group Berzerker 500,bronze,500
FSP,FSP Group Hydro Pro 500,bronze,500
Gigabyte,Gigabyte PB500 500,bronze,500
Rosewill,Rosewill CFZ 500,bronze,500
Rosewill,Rosewill Glacier 500M 500,bronze,500
SeaSonic,SeaSonic S12III 500,bronze,500
SeaSonic,SeaSonic SS-500ES Bronze 500,bronze,500
SeaSonic,SeaSonic SS-500ET Bronze 500,bronze,500
SHARKOON,SHARKOON WPM Bronze 500,bronze,500
Silverstone,Silverstone ET500-ARGB 500,bronze,500
Silverstone,Silverstone Strider 500,bronze,500
Silverstone,Silverstone Strider Plus 500,bronze,500
Thermaltake,Thermaltake TR2 500,bronze,500
XFX,XFX XT 500,bronze,500
ADATA,ADATA XPG PYLON 550,bronze,550
Antec,Antec CSK 550,bronze,550
Antec,Antec Earthwatts 550,bronze,550
Antec,Antec NeoECO 550,bronze,550
Antec,Antec NeoECO Classic 550,bronze,550
Antec,Antec NeoECO V2 550,bronze,550
Antec,Antec True Power 550,bronze,550
Asus,Asus TUF Gaming B 550,bronze,550
be quiet!,be quiet! System Power 10 550,bronze,550
be quiet!,be quiet! System Power 10 U 550,bronze,550
Cooler,Cooler Master G550M 550,bronze,550
Cooler,Cooler Master GXII 550,bronze,550
Cooler,Cooler Master MasterWatt 550 550,bronze,550
Cooler,Cooler Master MasterWatt TUF Gaming Alliance 550,bronze,550
Cooler,Cooler Master MWE Bronze 550 550,bronze,550
Cooler,Cooler Master MWE Bronze V2 550,bronze,550
Cooler,Cooler Master MWE White V2 230V 550,bronze,550
Corsair,Corsair CV550 550,bronze,550
Corsair,Corsair CX (2023) 550,bronze,550
Corsair,Corsair CX550 (2017) 550,bronze,550
Corsair,Corsair CX550F 550,bronze,550
Corsair,Corsair CX550M 550,bronze,550
Corsair,Corsair CX550M (2021) 550,bronze,550
Corsair,Corsair TX550M 550,bronze,550
Corsair,Corsair Vengeance 550M 550,bronze,550
Deepcool,Deepcool PK550D 550,bronze,550
Deepcool,Deepcool PL550D 550,bronze,550
EVGA,EVGA 550 B3 550,bronze,550
EVGA,EVGA 550 B5 550,bronze,550
EVGA,EVGA 550 BP 550,bronze,550
Fractal,Fractal Design Anode Bronze 550,bronze,550
Fractal,Fractal Design Integra M 550,bronze,550
FSP,FSP Group HEXA 85+ 550,bronze,550
FSP,FSP Group HEXA 85+ PRO 550,bronze,550
FSP,FSP Group Hyper M85+ 550,bronze,550
FSP,FSP Group Raider 550 550,bronze,550
Gigabyte,Gigabyte GreenMax Plus 550,bronze,550
Gigabyte,Gigabyte P550B 550,bronze,550
In,In Win GreenMe 550 550,bronze,550
MSI,MSI MAG A550BN 550,bronze,550
NZXT,NZXT C550 550,bronze,550
NZXT,NZXT HALE82 V2 550W 550,bronze,550
NZXT,NZXT HALE82N 550W 550,bronze,550
Rosewill,Rosewill ARC 550 550,bronze,550
Rosewill,Rosewill ARC M550 550,bronze,550
Rosewill,Rosewill HIVE 550,bronze,550
SeaSonic,SeaSonic B12 BC 550,bronze,550
SeaSonic,SeaSonic S12III 550,bronze,550
SHARKOON,SHARKOON SilentStorm Icewind 550,bronze,550
SHARKOON,SHARKOON SilentStorm Icewind Black 550,bronze,550
SHARKOON,SHARKOON WPC Bronze 550,bronze,550
Silverstone,Silverstone Essential 550,bronze,550
Silverstone,Silverstone VA550-B 550,bronze,550
Thermalright,Thermalright TB550S 550,bronze,550
Thermaltake,Thermaltake Smart 550,bronze,550
Thermaltake,Thermaltake Smart BM2 550,bronze,550
Thermaltake,Thermaltake Smart BX1 550 550,bronze,550
Thermaltake,Thermaltake Smart BX1 RGB 550 550,bronze,550
XFX,XFX P1-550S-XXB9 550,bronze,550
XFX,XFX P1-550S-XXBA 550,bronze,550
XFX,XFX TS 550,bronze,550
be quiet!,be quiet! Pure Power 9 CM 600,bronze,600
be quiet!,be quiet! Pure Power L8 600,bronze,600
be quiet!,be quiet! System Power 9 600,bronze,600
be quiet!,be quiet! System Power U9 600,bronze,600
Cooler,Cooler Master i600 600,bronze,600
Cooler,Cooler Master MWE 600,bronze,600
Cooler,Cooler Master MWE Bronze V2 600,bronze,600
Corsair,Corsair CX600 600,bronze,600
Corsair,Corsair CX-600 V3 600,bronze,600
Corsair,Corsair CX600M 600,bronze,600
Corsair,Corsair GS600 600,bronze,600
Corsair,Corsair VS600 (2020) 600,bronze,600
Deepcool,Deepcool DA600-M 600,bronze,600
Deepcool,Deepcool DA600N 600,bronze,600
Deepcool,Deepcool PK600D 600,bronze,600
EVGA,EVGA 600 B1 600,bronze,600
EVGA,EVGA 600 BA 600,bronze,600
EVGA,EVGA 600 BQ 600,bronze,600
EVGA,EVGA 600 BR 600,bronze,600
FSP,FSP Group Hydro Pro 600,bronze,600
Rosewill,Rosewill CFZ 600,bronze,600
Rosewill,Rosewill Glacier 600M 600,bronze,600
SeaSonic,SeaSonic Platinum 600,bronze,600
SeaSonic,SeaSonic SS-600ES 600,bronze,600
SHARKOON,SHARKOON WPM Bronze 600,bronze,600
Silverstone,Silverstone Strider 600,bronze,600
Thermaltake,Thermaltake TR2 600,bronze,600
XFX,XFX XT 600,bronze,600
Zalman,Zalman ZM-600-GT 600,bronze,600
ADATA,ADATA XPG PYLON 650,bronze,650
Antec,Antec CSK 650,bronze,650
Antec,Antec Earthwatts 650,bronze,650
Antec,Antec NeoECO Classic 650,bronze,650
Antec,Antec NeoECO V2 650,bronze,650
Antec,Antec True Power 650,bronze,650
Asus,Asus TUF Gaming 650B 650,bronze,650
be quiet!,be quiet! Power Zone 650,bronze,650
be quiet!,be quiet! Power Zone 650W 650,bronze,650
be quiet!,be quiet! System Power 10 650,bronze,650
be quiet!,be quiet! System Power 10 U 650,bronze,650
Cooler,Cooler Master G650M 650,bronze,650
Cooler,Cooler Master MasterWatt 650,bronze,650
Cooler,Cooler Master MasterWatt 650 TUF Gaming Alliance Edition 650,bronze,650
Cooler,Cooler Master MWE Bronze 650 650,bronze,650
Cooler,Cooler Master MWE Bronze V2 650,bronze,650
Cooler,Cooler Master RS 650,bronze,650
Corsair,Corsair CV650 650,bronze,650
Corsair,Corsair CX (2023) 650,bronze,650
Corsair,Corsair CX650 (2017) 650,bronze,650
Corsair,Corsair CX650F 650,bronze,650
Corsair,Corsair CX650M 650,bronze,650
Corsair,Corsair CX650M (2021) 650,bronze,650
Corsair,Corsair TX650 650,bronze,650
Corsair,Corsair TX650 V2 650,bronze,650
Corsair,Corsair TX650M 650,bronze,650
Corsair,Corsair Vengeance 650M 650,bronze,650
Deepcool,Deepcool PK650D 650,bronze,650
Deepcool,Deepcool PL650D 650,bronze,650
EVGA,EVGA 650 B3 650,bronze,650
EVGA,EVGA 650 B5 650,bronze,650
EVGA,EVGA 650 BQ 650,bronze,650
EVGA,EVGA 650BP 650,bronze,650
Fractal,Fractal Design Anode Bronze 650,bronze,650
Fractal,Fractal Design Integra M 650,bronze,650
Fractal,Fractal Design Integra R2 650,bronze,650
FSP,FSP Group HEXA 85+ PRO 650,bronze,650
FSP,FSP Group Hyper M85+ 650,bronze,650
FSP,FSP Group Raider 650 650,bronze,650
Gigabyte,Gigabyte GreenMax Plus 650,bronze,650
Gigabyte,Gigabyte P-B 650,bronze,650
In,In Win GreenMe 650 650,bronze,650
MSI,MSI MAG A650BN 650,bronze,650
MSI,MSI MAG A650BN EVA e-PROJECT 650,bronze,650
NZXT,NZXT C650 650,bronze,650
NZXT,NZXT HALE82 650,bronze,650
NZXT,NZXT HALE82N 650W 650,bronze,650
Rosewill,Rosewill ARC 650 650,bronze,650
Rosewill,Rosewill ARC M650 650,bronze,650
Rosewill,Rosewill HIVE 650,bronze,650
Rosewill,Rosewill HIVE S 650,bronze,650
SeaSonic,SeaSonic B12 BC 650,bronze,650
SeaSonic,SeaSonic M12II 650,bronze,650
SeaSonic,SeaSonic S12III 650,bronze,650
SHARKOON,SHARKOON SilentStorm Icewind 650,bronze,650
SHARKOON,SHARKOON SilentStorm Icewind Black 650,bronze,650
Silverstone,Silverstone Essential 650,bronze,650
Silverstone,Silverstone Strider 650,bronze,650
Thermalright,Thermalright TB-650 650,bronze,650
Thermalright,Thermalright TB650S 650,bronze,650
Thermaltake,Thermaltake Smart 650,bronze,650
Thermaltake,Thermaltake Smart BM2 650,bronze,650
Thermaltake,Thermaltake Smart BM3 650,bronze,650
Thermaltake,Thermaltake Smart BX1 650 650,bronze,650
Thermaltake,Thermaltake Smart BX1 RGB 650 650,bronze,650
Thermaltake,Thermaltake Smart Pro RGB 650,bronze,650
Thermaltake,Thermaltake Toughpower XT 650,bronze,650
XFX,XFX Core Edition 650,bronze,650
XFX,XFX P1-650S-CAB9 650,bronze,650
XFX,XFX P1-650S-NLB9 650,bronze,650
XFX,XFX P1-650X-CAG9 650,bronze,650
XFX,XFX P1-650X-CAH9 650,bronze,650
XFX,XFX P1-650X-XXB9 650,bronze,650
be quiet!,be quiet! Pure Power L8 700,bronze,700
be quiet!,be quiet! System Power 9 700,bronze,700
be quiet!,be quiet! System Power 9 700 CM 700,bronze,700
be quiet!,be quiet! System Power U9 700,bronze,700
Cooler,Cooler Master i700 700,bronze,700
Cooler,Cooler Master MWE Bronze V2 700,bronze,700
Cooler,Cooler Master Silent Pro M 700,bronze,700
Corsair,Corsair GS700 700,bronze,700
Deepcool,Deepcool DA700N 700,bronze,700
Deepcool,Deepcool PK700D 700,bronze,700
EVGA,EVGA 700 B1 700,bronze,700
EVGA,EVGA 700 BQ 700,bronze,700
EVGA,EVGA 700 BR 700,bronze,700
FSP,FSP Group Hydro Pro 700,bronze,700
Gigabyte,Gigabyte B700H 700,bronze,700
NZXT,NZXT HALE82 V2 700W 700,bronze,700
Rosewill,Rosewill Glacier 700M 700,bronze,700
Rosewill,Rosewill Green 700,bronze,700
SHARKOON,SHARKOON WPM Bronze 700,bronze,700
Silverstone,Silverstone Strider 700,bronze,700
ADATA,ADATA XPG PYLON 750,bronze,750
Aerocool,Aerocool Integrator MOD XT 750,bronze,750
Aerocool,Aerocool LUX RGB 750M (230V EU) 750,bronze,750
Antec,Antec CSK 750,bronze,750
Antec,Antec Earthwatts Green 750,bronze,750
Antec,Antec HCG-750 Bronze 750,bronze,750
Antec,Antec High Current Gamer 750,bronze,750
Antec,Antec True Power 750,bronze,750
Asus,Asus TUF Gaming 750,bronze,750
be quiet!,be quiet! Power Zone 750,bronze,750
be quiet!,be quiet! Power Zone 750W 750,bronze,750
be quiet!,be quiet! System Power 10 750,bronze,750
be quiet!,be quiet! System Power 10 U 750,bronze,750
Cooler,Cooler Master G750M 750,bronze,750
Cooler,Cooler Master GX 750,bronze,750
Cooler,Cooler Master GXII 750,bronze,750
Cooler,Cooler Master MasterWatt 750,bronze,750
Cooler,Cooler Master MasterWatt 750 TUF Gaming Edition 750,bronze,750
Cooler,Cooler Master MWE Bronze V2 750,bronze,750
Corsair,Corsair CV750 750,bronze,750
Corsair,Corsair CX (2023) 750,bronze,750
Corsair,Corsair CX750 750,bronze,750
Corsair,Corsair CX750 (2017) 750,bronze,750
Corsair,Corsair CX-750 V3 750,bronze,750
Corsair,Corsair CX750F 750,bronze,750
Corsair,Corsair CX750M (2021) 750,bronze,750
Corsair,Corsair CX750M V2 (2017 Edition) 750,bronze,750
Corsair,Corsair CXM 750,bronze,750
Corsair,Corsair TX750 V2 750,bronze,750
Corsair,Corsair TX750M 750,bronze,750
Deepcool,Deepcool PK750D 750,bronze,750
Deepcool,Deepcool PL750D 750,bronze,750
Dynapower,Dynapower EJ-750A80 750,bronze,750
EVGA,EVGA 750 B3 750,bronze,750
EVGA,EVGA 750 B5 750,bronze,750
EVGA,EVGA 750 BP 750,bronze,750
EVGA,EVGA 750 BQ 750,bronze,750
EVGA,EVGA SuperNOVA 750 B2 750,bronze,750
EVGA,EVGA SuperNOVA NEX750B 750,bronze,750
Fractal,Fractal Design Anode Bronze 750,bronze,750
Fractal,Fractal Design Integra M 750,bronze,750
Fractal,Fractal Design Integra R2 750,bronze,750
FSP,FSP Group HEXA 85+ PRO 750,bronze,750
FSP,FSP Group Hydro K Pro ATX3.0 750,bronze,750
FSP,FSP Group Raider 750 750,bronze,750
In,In Win Commander II 750,bronze,750
MSI,MSI MAG A750BN PCIE5 750,bronze,750
NZXT,NZXT C750 750,bronze,750
NZXT,NZXT C750 (2023) 750,bronze,750
NZXT,NZXT HALE82 750,bronze,750
NZXT,NZXT HALE82N 750W 750,bronze,750
Rosewill,Rosewill ARC 750 750,bronze,750
Rosewill,Rosewill CFZ 750,bronze,750
Rosewill,Rosewill HIVE 750,bronze,750
SeaSonic,SeaSonic B12 BC 750,bronze,750
SeaSonic,SeaSonic M12II 750,bronze,750
SeaSonic,SeaSonic S12II 750,bronze,750
SHARKOON,SHARKOON SilentStorm Icewind 750,bronze,750
SHARKOON,SHARKOON SilentStorm Icewind Black 750,bronze,750
Silverstone,Silverstone Essential 750,bronze,750
Silverstone,Silverstone Strider 750,bronze,750
Thermalright,Thermalright TB-750 750,bronze,750
Thermalright,Thermalright TB750S 750,bronze,750
Thermaltake,Thermaltake Smart 750,bronze,750
Thermaltake,Thermaltake Smart BM2 750,bronze,750
Thermaltake,Thermaltake Smart BM3 750,bronze,750
Thermaltake,Thermaltake Smart BX1 750,bronze,750
Thermaltake,Thermaltake Smart BX1 RGB 750 750,bronze,750
Thermaltake,Thermaltake Smart Pro RGB 750,bronze,750
Thermaltake,Thermaltake TR2 750,bronze,750
XFX,XFX Core Edition 750,bronze,750
XFX,XFX P1-750S-CAB9 750,bronze,750
XFX,XFX P1-750S-NLB9 750,bronze,750
XFX,XFX P1-750X-XXB9 750,bronze,750
Corsair,Corsair GS800 800,bronze,800
Corsair,Corsair GS800 2013 Edition 800,bronze,800
Deepcool,Deepcool PK800D 800,bronze,800
Deepcool,Deepcool PL800D 800,bronze,800
FSP,FSP Group Everest 85PLUS 800 800,bronze,800
FSP,FSP Group Hydro Pro 800,bronze,800
Rosewill,Rosewill Libertas 800,bronze,800
Antec,Antec High Current Gamer 850,bronze,850
Antec,Antec Signature 850,bronze,850
Antec,Antec True Power 850,bronze,850
be quiet!,be quiet! Power Zone 850,bronze,850
Cooler,Cooler Master Silent Pro M 850,bronze,850
Corsair,Corsair CX850M 850,bronze,850
Corsair,Corsair CX850M V2 (2017 Edition) 850,bronze,850
Corsair,Corsair TX850 V2 850,bronze,850
Corsair,Corsair TX850M 850,bronze,850
EVGA,EVGA 750 B3 850,bronze,850
EVGA,EVGA 850 B5 850,bronze,850
EVGA,EVGA 850 BQ 850,bronze,850
EVGA,EVGA SuperNOVA 850 B2 850,bronze,850
FSP,FSP Group HEXA 85+ 850,bronze,850
FSP,FSP Group HEXA 85+ PRO 850,bronze,850
FSP,FSP Group Hydro K Pro ATX3.0 850,bronze,850
In,In Win Commander II 850,bronze,850
NZXT,NZXT HALE82 850,bronze,850
Rosewill,Rosewill Glacier 850M 850,bronze,850
Rosewill,Rosewill HIVE 850,bronze,850
SeaSonic,SeaSonic B12 BC 850,bronze,850
SeaSonic,SeaSonic M12II 850,bronze,850
SeaSonic,SeaSonic M12II 850 EVO 850,bronze,850
Thermalright,Thermalright TB-850 850,bronze,850
Thermalright,Thermalright TB850S 850,bronze,850
Thermaltake,Thermaltake Black Widow 850,bronze,850
Thermaltake,Thermaltake Smart 850,bronze,850
Thermaltake,Thermaltake Smart BM3 850,bronze,850
Thermaltake,Thermaltake Smart Pro RGB 850,bronze,850
Thermaltake,Thermaltake TR2 RX 850,bronze,850
XFX,XFX Core Edition 850,bronze,850
XFX,XFX P1-850S-CAB9 850,bronze,850
XFX,XFX P1850SNLB9 850,bronze,850
XFX,XFX P1-850X-XXB9 850,bronze,850
Antec,Antec High Current Gamer 900,bronze,900
Corsair,Corsair TX950 950,bronze,950
Antec,Antec True Power 1000,bronze,1000
be quiet!,be quiet! Power Zone 1000W 1000,bronze,1000
Cooler,Cooler Master Silent Pro M 1000,bronze,1000
Rosewill,Rosewill Glacier 1000M 1000,bronze,1000
Rosewill,Rosewill HIVE S 1000,bronze,1000
Rosewill,Rosewill RBR1000-M 1000,bronze,1000
Thermaltake,Thermaltake Smart 1000,bronze,1000
Thermaltake,Thermaltake Toughpower 1000,bronze,1000
In,In Win Commander II 1200,bronze,1200
Rosewill,Rosewill Glacier 1200M 1200,bronze,1200
Thermaltake,Thermaltake Smart 1200,bronze,1200
Antec,Antec NeoECO Gold ZEN 500,gold,500
be quiet!,be quiet! Pure Power 11 500,gold,500
be quiet!,be quiet! Pure Power 11 CM 500,gold,500
be quiet!,be quiet! SFX L Power 500,gold,500
be quiet!,be quiet! Straight Power 10 500,gold,500
be quiet!,be quiet! Straight Power 10 CM 500,gold,500
be quiet!,be quiet! STRAIGHT POWER E9 | 500W 500,gold,500
Cooler,Cooler Master G500 500,gold,500
Deepcool,Deepcool PM500D 500,gold,500
EVGA,EVGA 500 GD 500,gold,500
EVGA,EVGA GE 500,gold,500
Fractal,Fractal Design Ion SFX 500G 500,gold,500
Fractal,Fractal Design Tesla R2 500,gold,500
FSP,FSP Group AU-500FL 500,gold,500
FSP,FSP Group AURUM GOLD 500 500,gold,500
FSP,FSP Group AURUM S 500W 500,gold,500
FSP,FSP Group Dagger 500 500,gold,500
FSP,FSP Group FSP500-50FGGBN 500,gold,500
FSP,FSP Group Twins 500,gold,500
NZXT,NZXT E500 500,gold,500
Rosewill,Rosewill LEPTON 500,gold,500
Rosewill,Rosewill VALENS-500 500,gold,500
Rosewill,Rosewill VALENS-500M 500,gold,500
SeaSonic,SeaSonic CORE GC-500 500,gold,500
SeaSonic,SeaSonic CORE GM 500,gold,500
SeaSonic,SeaSonic CORE GX-500 500,gold,500
SeaSonic,SeaSonic FOCUS 500,gold,500
SeaSonic,SeaSonic FOCUS SGX 500,gold,500
SHARKOON,SHARKOON SilentStorm 500,gold,500
Silverstone,Silverstone FX500-G 500,gold,500
Silverstone,Silverstone SFX 500,gold,500
Silverstone,Silverstone Strider 500,gold,500
Silverstone,Silverstone SX500-G 500,gold,500
Silverstone,Silverstone TX500-G 500,gold,500
Thermaltake,Thermaltake Toughpower GX1 500 500,gold,500
Thermaltake,Thermaltake Toughpower GX1 RGB 500,gold,500
Thermaltake,Thermaltake TR2 500,gold,500
Antec,Antec EARTHWATTS GOLD PRO 550 550,gold,550
Antec,Antec EDGE 550,gold,550
Antec,Antec NeoECO 550 Gold 550,gold,550
Antec,Antec True Power 550,gold,550
Asus,Asus ROG Strix 550,gold,550
be quiet!,be quiet! Dark Power Pro 10 550,gold,550
be quiet!,be quiet! Pure Power 11 FM 550 550,gold,550
be quiet!,be quiet! Pure Power 12 M 550,gold,550
be quiet!,be quiet! Straight Power 11 550W 550,gold,550
Cooler,Cooler Master MWE Gold 550,gold,550
Cooler,Cooler Master MWE Gold 550 550,gold,550
Cooler,Cooler Master MWE GOLD 550 V2 550,gold,550
Cooler,Cooler Master MWE GOLD 550 V2 FULL MODULAR 550,gold,550
Cooler,Cooler Master Silent Pro Gold 550,gold,550
Cooler,Cooler Master V Semi-Modular 550,gold,550
Cooler,Cooler Master V550 550,gold,550
Cooler,Cooler Master V550 Gold V2 550,gold,550
Cooler,Cooler Master V550 SFX GOLD 550,gold,550
Cooler,Cooler Master V550 V2 550,gold,550
Cooler,Cooler Master V550S 550,gold,550
Cooler,Cooler Master VSM 550,gold,550
Corsair,Corsair CS550M 550,gold,550
Corsair,Corsair RM550 550,gold,550
Corsair,Corsair RM550x 550,gold,550
Corsair,Corsair RM550x (2018) 550,gold,550
Corsair,Corsair RM550x (2021) 550,gold,550
Corsair,Corsair TX550M 550,gold,550
Corsair,Corsair TX550M Gold 550,gold,550
Cyonic,Cyonic AU-550X 550,gold,550
Deepcool,Deepcool DQ550ST 550,gold,550
Deepcool,Deepcool PM550D 550,gold,550
EVGA,EVGA 550 GD 550,gold,550
EVGA,EVGA SuperNOVA 550 G2 550,gold,550
EVGA,EVGA SuperNOVA 550 G3 550,gold,550
EVGA,EVGA SuperNOVA 550 GA 550,gold,550
EVGA,EVGA SuperNOVA 550 GM 550,gold,550
EVGA,EVGA SuperNOVA 550 GS 550,gold,550
Fractal,Fractal Design Edison M 550,gold,550
Fractal,Fractal Design Ion Gold 550,gold,550
FSP,FSP Group Dagger Pro 550,gold,550
FSP,FSP Group Hydro GE 550,gold,550
FSP,FSP Group Hydro X 550,gold,550
In,In Win P55F 550,gold,550
Lian,Lian Li PE 550,gold,550
Montech,Montech CENTURY 550,gold,550
Montech,Montech GAMMA II 550,gold,550
Phanteks,Phanteks AMP 550,gold,550
Phanteks,Phanteks PH-P550GF 550,gold,550
Rosewill,Rosewill Capstone 550,gold,550
Rosewill,Rosewill G550 550,gold,550
Rosewill,Rosewill PHOTON-550 550,gold,550
Rosewill,Rosewill PMG550 550,gold,550
SeaSonic,SeaSonic Core GC 550,gold,550
SeaSonic,SeaSonic CORE GM 550,gold,550
SeaSonic,SeaSonic FOCUS 550,gold,550
SeaSonic,SeaSonic FOCUS Gold 550,gold,550
SeaSonic,SeaSonic FOCUS GX 550,gold,550
SeaSonic,SeaSonic FOCUS Plus 550 Gold 550,gold,550
SeaSonic,SeaSonic FOCUS SGX (2021) 550,gold,550
SeaSonic,SeaSonic G 550,gold,550
SeaSonic,SeaSonic G12 GC 550,gold,550
SeaSonic,SeaSonic G12 GM 550,gold,550
SeaSonic,SeaSonic PRIME SNOWSILENT 550,gold,550
SeaSonic,SeaSonic PRIME Ultra Gold 550 550,gold,550
SeaSonic,SeaSonic S12G 550,gold,550
SeaSonic,SeaSonic SSP-550RT 550,gold,550
SHARKOON,SHARKOON WPM Gold Zero 550 550,gold,550
Silverstone,Silverstone DA550 Gold 550,gold,550
Silverstone,Silverstone Essential 550,gold,550
Silverstone,Silverstone Strider 550,gold,550
Thermaltake,Thermaltake Toughpower 550,gold,550
Thermaltake,Thermaltake Toughpower DPS G 550,gold,550
Thermaltake,Thermaltake Toughpower SFX 550,gold,550
Thermaltake,Thermaltake TPD-0550M 550,gold,550
XFX,XFX TS 550,gold,550
XFX,XFX XTR 550,gold,550
Zalman,Zalman zm-550-XG 550,gold,550
Antec,Antec NeoECO Gold ZEN 600,gold,600
be quiet!,be quiet! Pure Power 11 600,gold,600
be quiet!,be quiet! Pure Power 11 600 600,gold,600
be quiet!,be quiet! Pure Power 11 CM 600,gold,600
be quiet!,be quiet! SFX L Power 600,gold,600
be quiet!,be quiet! Straight Power 10 600,gold,600
be quiet!,be quiet! Straight Power 10 CM 600,gold,600
be quiet!,be quiet! Straight Power E9 600,gold,600
Cooler,Cooler Master G600 600,gold,600
Corsair,Corsair SF600 600,gold,600
Deepcool,Deepcool PM600D 600,gold,600
EVGA,EVGA 600 GD 600,gold,600
EVGA,EVGA 600 GQ 600,gold,600
EVGA,EVGA GE 600,gold,600
FSP,FSP Group AURUM GOLD 600 600,gold,600
FSP,FSP Group AURUM S 600W 600,gold,600
FSP,FSP Group Dagger 600 600,gold,600
In,In Win Commander III 600 600,gold,600
Rosewill,Rosewill LEPTON 600 600,gold,600
Rosewill,Rosewill VALENS-600 600,gold,600
Rosewill,Rosewill VALENS-600M 600,gold,600
Segotep,Segotep GP 600,gold,600
Silverstone,Silverstone Strider 600,gold,600
Silverstone,Silverstone SX600-G 600,gold,600
Thermaltake,Thermaltake Toughpower GX1 600,gold,600
Thermaltake,Thermaltake Toughpower GX1 RGB 600,gold,600
Thermaltake,Thermaltake Toughpower GX2 600,gold,600
Thermaltake,Thermaltake Toughpower SFX 600W Gold 600,gold,600
Thermaltake,Thermaltake TR2 600,gold,600
ADATA,ADATA XPG CORE Reactor 650 650,gold,650
ADATA,ADATA XPG Core Reactor II 650,gold,650
ADATA,ADATA XPG KYBER 650,gold,650
Antec,Antec EARTHWATTS GOLD PRO 650 650,gold,650
Antec,Antec EDGE 650,gold,650
Antec,Antec High Current Gamer Gold 650,gold,650
Antec,Antec NeoECO 650 Gold 650,gold,650
Antec,Antec NeoECO Gold 650,gold,650
Antec,Antec True Power 650,gold,650
Asus,Asus ROG Strix 650,gold,650
be quiet!,be quiet! Dark Power Pro 10 650,gold,650
be quiet!,be quiet! Pure Power 11 FM 650 650,gold,650
be quiet!,be quiet! Pure Power 12 M 650,gold,650
be quiet!,be quiet! Straight Power 11 650W 650,gold,650
Cooler,Cooler Master GX III GOLD 650,gold,650
Cooler,Cooler Master MWE Gold 650 650,gold,650
Cooler,Cooler Master MWE GOLD 650 V2 650,gold,650
Cooler,Cooler Master MWE GOLD 650 V2 FULL MODULAR 650,gold,650
Cooler,Cooler Master V Semi-Modular 650,gold,650
Cooler,Cooler Master V650 650,gold,650
Cooler,Cooler Master V650 Gold V2 650,gold,650
Cooler,Cooler Master V650 SFX GOLD 650,gold,650
Cooler,Cooler Master V650 V2 650,gold,650
Cooler,Cooler Master VSM 650,gold,650
Corsair,Corsair AX650 650,gold,650
Corsair,Corsair CS650M 650,gold,650
Corsair,Corsair HX650 650,gold,650
Corsair,Corsair RM650 650,gold,650
Corsair,Corsair RM650 (2019) 650,gold,650
Corsair,Corsair RM650 (2023) 650,gold,650
Corsair,Corsair RM650i 650,gold,650
Corsair,Corsair RM650x 650,gold,650
Corsair,Corsair RM650x (2018) 650,gold,650
Corsair,Corsair RM650x (2021) 650,gold,650
Corsair,Corsair TX650M 650,gold,650
Corsair,Corsair TX650M Gold 650,gold,650
Cyonic,Cyonic AU-650X 650,gold,650
Deepcool,Deepcool DQ650-M-V2L 650,gold,650
Deepcool,Deepcool DQ650ST 650,gold,650
Deepcool,Deepcool GamerStorm DQ-M 650,gold,650
Deepcool,Deepcool PM650D 650,gold,650
Deepcool,Deepcool PQ650M 650,gold,650
EVGA,EVGA 650 GD 650,gold,650
EVGA,EVGA 650 GQ 650,gold,650
EVGA,EVGA SuperNOVA 650 G+ 650,gold,650
EVGA,EVGA SuperNOVA 650 G1 650,gold,650
EVGA,EVGA SuperNOVA 650 G2 650,gold,650
EVGA,EVGA SuperNOVA 650 G3 650,gold,650
EVGA,EVGA SuperNOVA 650 G5 650,gold,650
EVGA,EVGA SuperNOVA 650 G6 650,gold,650
EVGA,EVGA SuperNOVA 650 G7 650,gold,650
EVGA,EVGA SuperNOVA 650 GA 650,gold,650
EVGA,EVGA SuperNOVA 650 GM 650,gold,650
EVGA,EVGA SuperNOVA 650 GS 650,gold,650
EVGA,EVGA SuperNOVA 650 GT 650,gold,650
EVGA,EVGA SuperNOVA NEX650G Gold 650,gold,650
Fractal,Fractal Design Edison M 650,gold,650
Fractal,Fractal Design Ion Gold 650,gold,650
Fractal,Fractal Design Ion SFX 650G 650,gold,650
Fractal,Fractal Design Tesla R2 650,gold,650
FSP,FSP Group AURUM CM GOLD 650 650,gold,650
FSP,FSP Group Dagger Pro 650,gold,650
FSP,FSP Group FSP650-80EGN 650,gold,650
FSP,FSP Group Hydro G 650,gold,650
FSP,FSP Group Hydro G Pro 650,gold,650
FSP,FSP Group Hydro GE 650,gold,650
FSP,FSP Group Hydro X 650,gold,650
Gigabyte,Gigabyte P650G (US) 650,gold,650
In,In Win P65 650,gold,650
In,In Win P65F 650,gold,650
In,In Win PB 650,gold,650
Montech,Montech CENTURY 650,gold,650
Montech,Montech CENTURY MINI 650,gold,650
Montech,Montech GAMMA II 650,gold,650
MSI,MSI MAG A650GL 650,gold,650
MSI,MSI MPG A650GF 650,gold,650
NZXT,NZXT C (2019) 650,gold,650
NZXT,NZXT C650 (2022) 650,gold,650
NZXT,NZXT E650 650,gold,650
NZXT,NZXT HALE 90 650,gold,650
Phanteks,Phanteks AMP 650,gold,650
Phanteks,Phanteks PH-P650GS 650,gold,650
Phanteks,Phanteks Revolt SFX 650,gold,650
Rosewill,Rosewill Capstone 650,gold,650
Rosewill,Rosewill G650 650,gold,650
Rosewill,Rosewill PHOTON-650 650,gold,650
Rosewill,Rosewill PMG650 650,gold,650
Rosewill,Rosewill SMG650 650,gold,650
SeaSonic,SeaSonic Core GC 650,gold,650
SeaSonic,SeaSonic CORE GM 650,gold,650
SeaSonic,SeaSonic CORE GX-650 650,gold,650
SeaSonic,SeaSonic FOCUS 650,gold,650
SeaSonic,SeaSonic FOCUS Gold 650,gold,650
SeaSonic,SeaSonic FOCUS GX 650,gold,650
SeaSonic,SeaSonic FOCUS Plus 650 Gold 650,gold,650
SeaSonic,SeaSonic FOCUS SGX 650,gold,650
SeaSonic,SeaSonic FOCUS SGX (2021) 650,gold,650
SeaSonic,SeaSonic G 650,gold,650
SeaSonic,SeaSonic G12 GC 650,gold,650
SeaSonic,SeaSonic G12 GM 650,gold,650
SeaSonic,SeaSonic PRIME 650,gold,650
SeaSonic,SeaSonic PRIME Gold 650,gold,650
SeaSonic,SeaSonic PRIME Ultra Gold 650 650,gold,650
SeaSonic,SeaSonic S12G 650,gold,650
SeaSonic,SeaSonic SSP-650RT 650,gold,650
SeaSonic,SeaSonic X 650,gold,650
SHARKOON,SHARKOON SilentStorm Cool Zero 650 650,gold,650
Silverstone,Silverstone DA650 Gold 650,gold,650
Silverstone,Silverstone Essential 650,gold,650
Silverstone,Silverstone Strider 650,gold,650
Silverstone,Silverstone SX650-G 650,gold,650
Silverstone,Silverstone VIVA 650,gold,650
Thermalright,Thermalright AG-650 650,gold,650
Thermalright,Thermalright TG 650,gold,650
Thermaltake,Thermaltake EVO_Blue 650,gold,650
Thermaltake,Thermaltake German 650,gold,650
Thermaltake,Thermaltake Smart DPS G 650,gold,650
Thermaltake,Thermaltake Toughpower 650,gold,650
Thermaltake,Thermaltake Toughpower DPS G 650,gold,650
Thermaltake,Thermaltake Toughpower GF A3 - TT Premium Edition 650,gold,650
Thermaltake,Thermaltake Toughpower GF A3 ATX 3.0 650,gold,650
Thermaltake,Thermaltake Toughpower GF1 ARGB 650,gold,650
Thermaltake,Thermaltake Toughpower GF1 PE 650,gold,650
Thermaltake,Thermaltake Toughpower GF1 Snow - TT Premium 650,gold,650
Thermaltake,Thermaltake Toughpower GF2 ARGB 650,gold,650
Thermaltake,Thermaltake Toughpower Grand 650,gold,650
Thermaltake,Thermaltake Toughpower Grand RGB 650,gold,650
Thermaltake,Thermaltake Toughpower Grand RGB 650 SE 650,gold,650
Thermaltake,Thermaltake Toughpower SFX 650,gold,650
XFX,XFX TS 650,gold,650
XFX,XFX XTR 650,gold,650
Zalman,Zalman zm-650-XG 650,gold,650
Antec,Antec NeoECO Gold ZEN 700,gold,700
be quiet!,be quiet! Pure Power 11 700,gold,700
be quiet!,be quiet! Pure Power 11 CM 700,gold,700
be quiet!,be quiet! Straight Power 10 700,gold,700
be quiet!,be quiet! Straight Power 10 CM 700,gold,700
Cooler,Cooler Master G700 700,gold,700
Cooler,Cooler Master V700 700,gold,700
Deepcool,Deepcool PM700D 700,gold,700
EVGA,EVGA 700 GD 700,gold,700
EVGA,EVGA 700 GQ 700,gold,700
EVGA,EVGA GE 700,gold,700
FSP,FSP Group AURUM GOLD 700 700,gold,700
FSP,FSP Group Twins 700,gold,700
In,In Win Commander III 700,gold,700
In,In Win Compact 700,gold,700
Rosewill,Rosewill LEPTON 700 700,gold,700
Rosewill,Rosewill VALENS-700 700,gold,700
Rosewill,Rosewill VALENS-700M 700,gold,700
Segotep,Segotep GP700G 700,gold,700
Silverstone,Silverstone Strider 700,gold,700
Silverstone,Silverstone SX-G 700,gold,700
Silverstone,Silverstone TX700-G 700,gold,700
Thermaltake,Thermaltake Toughpower GX1 RGB 700,gold,700
Thermaltake,Thermaltake TR2 700,gold,700
ADATA,ADATA XPG CORE Reactor 750 750,gold,750
ADATA,ADATA XPG Core Reactor II 750,gold,750
ADATA,ADATA XPG KYBER 750,gold,750
Antec,Antec EARTHWATTS GOLD PRO 750 750,gold,750
Antec,Antec EDGE 750,gold,750
Antec,Antec High Current Gamer Gold 750,gold,750
Antec,Antec High Current Pro 750,gold,750
Antec,Antec NeoECO 750 Gold 750,gold,750
Antec,Antec NeoECO Gold 750,gold,750
Antec,Antec True Power 750,gold,750
Asus,Asus Prime AP-750G 750,gold,750
Asus,Asus ROG Strix 750,gold,750
Asus,Asus ROG Strix Aura Edition 750,gold,750
Asus,Asus TUF Gaming 750G 750,gold,750
be quiet!,be quiet! Dark Power Pro 10 750,gold,750
be quiet!,be quiet! Pure Power 11 FM 750 750,gold,750
be quiet!,be quiet! Pure Power 12 M 750,gold,750
be quiet!,be quiet! Straight Power 11 750W 750,gold,750
Cooler,Cooler Master GX III GOLD 750,gold,750
Cooler,Cooler Master GXII 750,gold,750
Cooler,Cooler Master MWE Gold 750 750,gold,750
Cooler,Cooler Master MWE GOLD 750 V2 750,gold,750
Cooler,Cooler Master MWE GOLD 750 V2 FULL MODULAR 750,gold,750
Cooler,Cooler Master MWE Gold V2 ATX3.0 750,gold,750
Cooler,Cooler Master V Gold 750,gold,750
Cooler,Cooler Master V Semi-Modular 750,gold,750
Cooler,Cooler Master V SFX Gold ATX 3.0 750,gold,750
Cooler,Cooler Master V750 750,gold,750
Cooler,Cooler Master V750 Gold i 750,gold,750
Cooler,Cooler Master V750 Gold V2 750,gold,750
Cooler,Cooler Master V750 SFX GOLD 750,gold,750
Cooler,Cooler Master V750 V2 750,gold,750
Cooler,Cooler Master VSM 750,gold,750
Corsair,Corsair AX750 750,gold,750
Corsair,Corsair CS750M 750,gold,750
Corsair,Corsair HX750 750,gold,750
Corsair,Corsair RM750 750,gold,750
Corsair,Corsair RM750 (2019) 750,gold,750
Corsair,Corsair RM750e (2022) 750,gold,750
Corsair,Corsair RM750e (2023) 750,gold,750
Corsair,Corsair RM750i 750,gold,750
Corsair,Corsair RM750x 750,gold,750
Corsair,Corsair RM750x (2018) 750,gold,750
Corsair,Corsair RM750x (2021) 750,gold,750
Corsair,Corsair RM750x SHIFT 750,gold,750
Corsair,Corsair RM750x White 750,gold,750
Corsair,Corsair RM750x White (2018) 750,gold,750
Corsair,Corsair TX750M 750,gold,750
Corsair,Corsair TX750M Gold 750,gold,750
Deepcool,Deepcool DQ750-M-V2L 750,gold,750
Deepcool,Deepcool DQ750M-V3L 750,gold,750
Deepcool,Deepcool DQ750ST 750,gold,750
Deepcool,Deepcool GamerStorm DQ-M 750,gold,750
Deepcool,Deepcool PM750D 750,gold,750
Deepcool,Deepcool PQ750M 750,gold,750
EVGA,EVGA 750 GQ 750,gold,750
EVGA,EVGA SuperNOVA 750 G+ 750,gold,750
EVGA,EVGA SuperNOVA 750 G1 750,gold,750
EVGA,EVGA SuperNOVA 750 G2 750,gold,750
EVGA,EVGA SuperNOVA 750 G3 750,gold,750
EVGA,EVGA SuperNOVA 750 G5 750,gold,750
EVGA,EVGA SuperNOVA 750 G6 750,gold,750
EVGA,EVGA SuperNOVA 750 G7 750,gold,750
EVGA,EVGA SuperNOVA 750 GA 750,gold,750
EVGA,EVGA SuperNOVA 750 GM 750,gold,750
EVGA,EVGA SuperNOVA 750 GT 750,gold,750
EVGA,EVGA SuperNOVA NEX750G Gold 750,gold,750
Fractal,Fractal Design Edison M 750,gold,750
Fractal,Fractal Design Ion Gold 750,gold,750
FSP,FSP Group AU-750M 750,gold,750
FSP,FSP Group Dagger Pro 750,gold,750
FSP,FSP Group DAGGER PRO ATX3.0 750,gold,750
FSP,FSP Group Hydro G 750,gold,750
FSP,FSP Group Hydro G Pro 750,gold,750
Gigabyte,Gigabyte AORUS P GM 750,gold,750
Gigabyte,Gigabyte GP-G750H 750,gold,750
Gigabyte,Gigabyte P750GM 750,gold,750
Gigabyte,Gigabyte UD750GM 750,gold,750
Gigabyte,Gigabyte UD-GM PG5 750,gold,750
In,In Win P75 750,gold,750
In,In Win P75F 750,gold,750
In,In Win P75FII 750,gold,750
In,In Win PB 750,gold,750
Lian,Lian Li SP 750,gold,750
Lian,Lian Li SP750 750,gold,750
Montech,Montech CENTURY G5 750,gold,750
Montech,Montech CENTURY MINI 750,gold,750
Montech,Montech GAMMA II 750,gold,750
Montech,Montech TITAN GOLD 750W 750,gold,750
MSI,MSI MAG A750GL PCIE5 750,gold,750
MSI,MSI MPG A750G PCIE5 750,gold,750
MSI,MSI MPG A750GF 750,gold,750
MSI,MSI MPG A750GF WHITE 750,gold,750
NZXT,NZXT C (2019) 750,gold,750
NZXT,NZXT C750 (2022) 750,gold,750
NZXT,NZXT HALE 90 750,gold,750
Phanteks,Phanteks AMP 750,gold,750
Phanteks,Phanteks PH-P750GS 750,gold,750
Phanteks,Phanteks Revolt SFX 750,gold,750
Rosewill,Rosewill Capstone 750,gold,750
Rosewill,Rosewill Capstone G750 750,gold,750
Rosewill,Rosewill PHOTON-750 750,gold,750
Rosewill,Rosewill PMG750 750,gold,750
Rosewill,Rosewill SMG750 750,gold,750
SeaSonic,SeaSonic 750FX WHITE 750,gold,750
SeaSonic,SeaSonic ATX3-FOCUS-GX-750-WHITE 750,gold,750
SeaSonic,SeaSonic FOCUS 750,gold,750
SeaSonic,SeaSonic FOCUS Gold 750,gold,750
SeaSonic,SeaSonic FOCUS GX 750,gold,750
SeaSonic,SeaSonic FOCUS GX-750 ATX 3.0 750,gold,750
SeaSonic,SeaSonic FOCUS Plus 750 Gold 750,gold,750
SeaSonic,SeaSonic FOCUS SGX (2021) 750,gold,750
SeaSonic,SeaSonic G 750,gold,750
SeaSonic,SeaSonic G12 GC 750,gold,750
SeaSonic,SeaSonic G12 GM 750,gold,750
SeaSonic,SeaSonic PRIME 750,gold,750
SeaSonic,SeaSonic PRIME Gold 750,gold,750
SeaSonic,SeaSonic PRIME Ultra Gold 750 750,gold,750
SeaSonic,SeaSonic S12G 750,gold,750
SeaSonic,SeaSonic VERTEX GX-750 750,gold,750
SeaSonic,SeaSonic X 750,gold,750
Segotep,Segotep CP-PSU-ST-P750F 750,gold,750
Segotep,Segotep GF 750,gold,750
Segotep,Segotep GM 750,gold,750
SHARKOON,SHARKOON SilentStorm Cool Zero 750 750,gold,750
Silverstone,Silverstone DA750 Gold 750,gold,750
Silverstone,Silverstone DA750R-GMA 750,gold,750
Silverstone,Silverstone Essential 750,gold,750
Silverstone,Silverstone ST75F-GS-V3 750,gold,750
Silverstone,Silverstone Strider 750,gold,750
Silverstone,Silverstone VIVA 750,gold,750
Thermalright,Thermalright AG-750 750,gold,750
Thermalright,Thermalright TG 750,gold,750
Thermaltake,Thermaltake EVO_Blue 750,gold,750
Thermaltake,Thermaltake Rome 750,gold,750
Thermaltake,Thermaltake Smart DPS G 750,gold,750
Thermaltake,Thermaltake Thermaltake TP-750M 750,gold,750
Thermaltake,Thermaltake Toughpower 750,gold,750
Thermaltake,Thermaltake Toughpower DPS G 750,gold,750
Thermaltake,Thermaltake Toughpower DPS G RGB Gold 750,gold,750
Thermaltake,Thermaltake Toughpower GF A3 - TT Premium Edition 750,gold,750
Thermaltake,Thermaltake Toughpower GF A3 ATX 3.0 750,gold,750
Thermaltake,Thermaltake Toughpower GF1 (2024) 750,gold,750
Thermaltake,Thermaltake Toughpower GF1 ARGB 750,gold,750
Thermaltake,Thermaltake Toughpower GF1 PE 750,gold,750
Thermaltake,Thermaltake Toughpower GF1 Snow - TT Premium 750,gold,750
Thermaltake,Thermaltake Toughpower GF2 ARGB 750,gold,750
Thermaltake,Thermaltake Toughpower GF3 TT Premium 750,gold,750
Thermaltake,Thermaltake Toughpower Grand 750,gold,750
Thermaltake,Thermaltake Toughpower Grand RGB 750,gold,750
Thermaltake,Thermaltake Toughpower Grand RGB 750 SE 750,gold,750
Thermaltake,Thermaltake Toughpower iRGB PLUS 750 750,gold,750
Thermaltake,Thermaltake Toughpower SFX 750,gold,750
XFX,XFX TS 750,gold,750
XFX,XFX XTR 750,gold,750
Zalman,Zalman TeraMax II 750,gold,750
Zalman,Zalman zm-750-XG 750,gold,750
be quiet!,be quiet! Straight Power 10 CM 800,gold,800
Cooler,Cooler Master G800 800,gold,800
Cooler,Cooler Master Silent Pro Gold 800,gold,800
Deepcool,Deepcool PM800D 800,gold,800
EVGA,EVGA GE 800,gold,800
Fractal,Fractal Design Tesla R2 800,gold,800
In,In Win Commander III 800,gold,800
Rosewill,Rosewill Lightning 800,gold,800
ADATA,ADATA XPG CORE Reactor 850 850,gold,850
ADATA,ADATA XPG Core Reactor II 850,gold,850
ADATA,ADATA XPG KYBER 850,gold,850
Antec,Antec High Current Gamer Extreme 850,gold,850
Antec,Antec High Current Gamer Gold 850,gold,850
Antec,Antec High Current Pro 850,gold,850
Antec,Antec NE850G M 850,gold,850
Antec,Antec NE850G M ATX3.0 850,gold,850
Antec,Antec NeoECO Gold 850,gold,850
Asus,Asus Prime AP-850G 850,gold,850
Asus,Asus ROG Strix 850,gold,850
Asus,Asus ROG Strix Aura Edition 850,gold,850
Asus,Asus ROG-STRIX-850G 850,gold,850
Asus,Asus ROG-STRIX-850G-GUNDAM-EDITION 850,gold,850
Asus,Asus TUF Gaming 850G 850,gold,850
be quiet!,be quiet! Pure Power 11 FM 850 850,gold,850
be quiet!,be quiet! Pure Power 12 M 850,gold,850
be quiet!,be quiet! Straight Power 11 850W 850,gold,850
be quiet!,be quiet! System Power 10 850,gold,850
be quiet!,be quiet! System Power 10 U 850,gold,850
Cooler,Cooler Master MWE Gold 850 - V2 850,gold,850
Cooler,Cooler Master MWE GOLD 850 V2 850,gold,850
Cooler,Cooler Master MWE Gold V2 ATX3.0 850,gold,850
Cooler,Cooler Master Silent Pro Hybrid 850,gold,850
Cooler,Cooler Master V SFX Gold ATX 3.0 850,gold,850
Cooler,Cooler Master V850 850,gold,850
Cooler,Cooler Master V850 Gold i 850,gold,850
Cooler,Cooler Master V850 Gold V2 850,gold,850
Cooler,Cooler Master V850 SFX GOLD 850,gold,850
Cooler,Cooler Master V850 V2 850,gold,850
Corsair,Corsair AX850 850,gold,850
Corsair,Corsair CS850M 850,gold,850
Corsair,Corsair HX850 850,gold,850
Corsair,Corsair RM850 850,gold,850
Corsair,Corsair RM850 (2019) 850,gold,850
Corsair,Corsair RM850e (2022) 850,gold,850
Corsair,Corsair RM850e (2023) 850,gold,850
Corsair,Corsair RM850i 850,gold,850
Corsair,Corsair RM850x 850,gold,850
Corsair,Corsair RM850x (2018) 850,gold,850
Corsair,Corsair RM850x (2021) 850,gold,850
Corsair,Corsair RM850x SHIFT 850,gold,850
Corsair,Corsair RM850x White 850,gold,850
Corsair,Corsair SF850L 850,gold,850
Corsair,Corsair TX850M Gold 850,gold,850
Deepcool,Deepcool DQ850M-V3L 850,gold,850
Deepcool,Deepcool DQ-M-V2L 850,gold,850
Deepcool,Deepcool GamerStorm DQ-M 850,gold,850
Deepcool,Deepcool PM850D 850,gold,850
Deepcool,Deepcool PQ850M 850,gold,850
Deepcool,Deepcool PX850G 850,gold,850
Deepcool,Deepcool PX850G WH 850,gold,850
EVGA,EVGA 850 GQ 850,gold,850
EVGA,EVGA SuperNOVA 850 G+ 850,gold,850
EVGA,EVGA SuperNOVA 850 G2 850,gold,850
EVGA,EVGA SuperNOVA 850 G3 850,gold,850
EVGA,EVGA SuperNOVA 850 G5 850,gold,850
EVGA,EVGA SuperNOVA 850 G6 850,gold,850
EVGA,EVGA SuperNOVA 850 G7 850,gold,850
EVGA,EVGA SuperNOVA 850 GA 850,gold,850
EVGA,EVGA SuperNOVA 850 GM 850,gold,850
EVGA,EVGA SuperNOVA 850 GS 850,gold,850
EVGA,EVGA SuperNOVA 850 GT 850,gold,850
EVGA,EVGA SuperNOVA 850G XC 850,gold,850
EVGA,EVGA SuperNOVA G FTW 850,gold,850
Fractal,Fractal Design Ion Gold 850,gold,850
FSP,FSP Group AU-850PRO 850,gold,850
FSP,FSP Group Dagger Pro 850,gold,850
FSP,FSP Group DAGGER PRO ATX3.0 850,gold,850
FSP,FSP Group Hydro G 850,gold,850
FSP,FSP Group Hydro G Pro 850,gold,850
FSP,FSP Group Hydro G PRO ATX3.0(PCIe5.0) 850,gold,850
Gigabyte,Gigabyte AORUS P GM 850,gold,850
Gigabyte,Gigabyte P850GM 850,gold,850
Gigabyte,Gigabyte UD850GM 850,gold,850
Gigabyte,Gigabyte UD850GM PG5 (rev. 2.0) 850,gold,850
Gigabyte,Gigabyte UD-GM PG5 850,gold,850
In,In Win P85 850,gold,850
In,In Win P85FII 850,gold,850
In,In Win PB 850,gold,850
Lian,Lian Li SP850 850,gold,850
Montech,Montech CENTURY 850,gold,850
Montech,Montech CENTURY G5 850,gold,850
Montech,Montech TITAN GOLD 850W 850,gold,850
MSI,MSI MAG A850GL PCIE5 850,gold,850
MSI,MSI MPG A850G PCIE5 850,gold,850
MSI,MSI MPG A850GF 850,gold,850
NZXT,NZXT C (2019) 850,gold,850
NZXT,NZXT C850 (2022) 850,gold,850
NZXT,NZXT E850 850,gold,850
NZXT,NZXT HALE 90 850,gold,850
NZXT,NZXT HALE90 V2 850,gold,850
NZXT,NZXT HALE90 V2 850W 850,gold,850
Phanteks,Phanteks AMP 850,gold,850
Phanteks,Phanteks Revolt Pro 850,gold,850
Rosewill,Rosewill Capstone G850 850,gold,850
Rosewill,Rosewill CMG850 850,gold,850
Rosewill,Rosewill CS-850M 850,gold,850
Rosewill,Rosewill PHOTON-850 850,gold,850
Rosewill,Rosewill PMG850 850,gold,850
Rosewill,Rosewill SMG850 850,gold,850
SeaSonic,SeaSonic 850FX WHITE 850,gold,850
SeaSonic,SeaSonic ATX3-FOCUS-GX-850-WHITE 850,gold,850
SeaSonic,SeaSonic FOCUS 850,gold,850
SeaSonic,SeaSonic FOCUS GX 850,gold,850
SeaSonic,SeaSonic FOCUS GX-850 ATX 3.0 850,gold,850
SeaSonic,SeaSonic FOCUS PLUS 850 Gold 850,gold,850
SeaSonic,SeaSonic G12 GC 850,gold,850
SeaSonic,SeaSonic G12 GM 850,gold,850
SeaSonic,SeaSonic PRIME 850,gold,850
SeaSonic,SeaSonic PRIME AIRTOUCH 850,gold,850
SeaSonic,SeaSonic PRIME Gold 850,gold,850
SeaSonic,SeaSonic PRIME Ultra Gold 850 850,gold,850
SeaSonic,SeaSonic VERTEX GX-850 850,gold,850
SeaSonic,SeaSonic X 850,gold,850
Segotep,Segotep GM 850,gold,850
SHARKOON,SHARKOON SilentStorm Cool Zero 850 850,gold,850
Silverstone,Silverstone DA850 Gold 850,gold,850
Silverstone,Silverstone DA850R-GMA 850,gold,850
Silverstone,Silverstone ST85F-GS-V2 850,gold,850
Silverstone,Silverstone Strider 850,gold,850
Thermalright,Thermalright AG-850 850,gold,850
Thermalright,Thermalright TG 850,gold,850
Thermaltake,Thermaltake EVO_Blue 850,gold,850
Thermaltake,Thermaltake Madrid 850,gold,850
Thermaltake,Thermaltake Toughpower 850,gold,850
Thermaltake,Thermaltake Toughpower DPS G 850,gold,850
Thermaltake,Thermaltake Toughpower DPS G RGB Gold 850,gold,850
Thermaltake,Thermaltake Toughpower GF A3 - TT Premium Edition 850,gold,850
Thermaltake,Thermaltake Toughpower GF A3 ATX 3.0 850,gold,850
Thermaltake,Thermaltake Toughpower GF A3 Snow 850,gold,850
Thermaltake,Thermaltake Toughpower GF1 (2024) 850,gold,850
Thermaltake,Thermaltake Toughpower GF1 ARGB 850,gold,850
Thermaltake,Thermaltake Toughpower GF1 PE 850,gold,850
Thermaltake,Thermaltake Toughpower GF1 Snow - TT Premium 850,gold,850
Thermaltake,Thermaltake Toughpower GF2 ARGB 850,gold,850
Thermaltake,Thermaltake Toughpower GF3 TT Premium 850,gold,850
Thermaltake,Thermaltake Toughpower Grand 850,gold,850
Thermaltake,Thermaltake Toughpower Grand RGB 850,gold,850
Thermaltake,Thermaltake Toughpower Grand RGB 850 SE 850,gold,850
Thermaltake,Thermaltake Toughpower GX3 850,gold,850
Thermaltake,Thermaltake Toughpower iRGB PLUS 850 850,gold,850
Thermaltake,Thermaltake Toughpower SFX 850,gold,850
XFX,XFX PRO Black Edition 850,gold,850
Zalman,Zalman TeraMax II 850,gold,850
In,In Win Glacier 900,gold,900
ADATA,ADATA XPG Core Reactor II 1000,gold,1000
Aerocool,Aerocool XPredator GM 1000,gold,1000
Antec,Antec High Current Gamer Extreme 1000,gold,1000
Antec,Antec High Current Gamer Gold 1000,gold,1000
Antec,Antec NE1000G M ATX3.0 1000,gold,1000
Antec,Antec NE1000G M White ATX 3.0 1000,gold,1000
Asus,Asus ROG STRIX 1000G 1000,gold,1000
Asus,Asus ROG Strix Aura Edition 1000,gold,1000
Asus,Asus TUF Gaming 1000G 1000,gold,1000
be quiet!,be quiet! Dark Power Pro 10 1000,gold,1000
be quiet!,be quiet! Pure Power 11 FM 1000 1000,gold,1000
be quiet!,be quiet! Pure Power 12 M 1000,gold,1000
be quiet!,be quiet! Straight Power 11 1000W 1000,gold,1000
Cooler,Cooler Master Silent Pro Gold 1000,gold,1000
Cooler,Cooler Master V1000 1000,gold,1000
Corsair,Corsair RM1000 1000,gold,1000
Corsair,Corsair RM1000e (2022) 1000,gold,1000
Corsair,Corsair RM1000e (2023) 1000,gold,1000
Corsair,Corsair RM1000i 1000,gold,1000
Corsair,Corsair RM1000x 1000,gold,1000
Corsair,Corsair RM1000x (2021) 1000,gold,1000
Corsair,Corsair RM1000x SHIFT 1000,gold,1000
Corsair,Corsair SF1000L 1000,gold,1000
Deepcool,Deepcool DQ1000M-V3L 1000,gold,1000
Deepcool,Deepcool PQ1000M 1000,gold,1000
Deepcool,Deepcool PX1000G 1000,gold,1000
Deepcool,Deepcool PX1000G WH 1000,gold,1000
EVGA,EVGA 1000 GQ 1000,gold,1000
EVGA,EVGA SuperNOVA 1000 G+ 1000,gold,1000
EVGA,EVGA SuperNOVA 1000 G1 1000,gold,1000
EVGA,EVGA SuperNOVA 1000 G2 1000,gold,1000
EVGA,EVGA SuperNOVA 1000 G3 1000,gold,1000
EVGA,EVGA SuperNOVA 1000 G5 1000,gold,1000
EVGA,EVGA SuperNOVA 1000 G6 1000,gold,1000
EVGA,EVGA SuperNOVA 1000 G7 1000,gold,1000
EVGA,EVGA SuperNOVA 1000 GT 1000,gold,1000
EVGA,EVGA SuperNOVA 1000G XC 1000,gold,1000
EVGA,EVGA SuperNOVA G FTW 1000,gold,1000
Fractal,Fractal Design Tesla R2 1000,gold,1000
FSP,FSP Group AU-1000PRO 1000,gold,1000
FSP,FSP Group Hydro G Pro 1000,gold,1000
FSP,FSP Group Hydro G PRO ATX3.0(PCIe5.0) 1000,gold,1000
Gigabyte,Gigabyte P1000GM 1000,gold,1000
Gigabyte,Gigabyte UD1000GM 1000,gold,1000
Gigabyte,Gigabyte UD1000GM PG5 1000,gold,1000
Gigabyte,Gigabyte UD1000GM PG5 (rev. 2.0) 1000,gold,1000
Montech,Montech TITAN GOLD 1000W 1000,gold,1000
MSI,MSI A1000G PCIE5 1000,gold,1000
MSI,MSI MAG A1000GL PCIE5 1000,gold,1000
MSI,MSI MPG A1000G 1000,gold,1000
NZXT,NZXT C1000 (2022) 1000,gold,1000
NZXT,NZXT HALE 90 1000,gold,1000
NZXT,NZXT HALE90 V2 1000,gold,1000
NZXT,NZXT HALE90 V2 1000W 1000,gold,1000
Phanteks,Phanteks AMP 1000,gold,1000
Phanteks,Phanteks AMP v2 1000,gold,1000
Phanteks,Phanteks Revolt Pro 1000,gold,1000
Rosewill,Rosewill Capstone 1000,gold,1000
Rosewill,Rosewill Capstone G1000 1000,gold,1000
Rosewill,Rosewill CAPSTONE-1000-M 1000,gold,1000
Rosewill,Rosewill CMG1000 1000,gold,1000
Rosewill,Rosewill CMG1000G5 1000,gold,1000
Rosewill,Rosewill CS-1000M 1000,gold,1000
Rosewill,Rosewill Lightning 1000,gold,1000
SeaSonic,SeaSonic 1000FX WHITE 1000,gold,1000
SeaSonic,SeaSonic ATX3-FOCUS-GX-1000-WHITE 1000,gold,1000
SeaSonic,SeaSonic FOCUS GX 1000,gold,1000
SeaSonic,SeaSonic FOCUS GX-1000 ATX 3.0 1000,gold,1000
SeaSonic,SeaSonic FOCUS Plus Gold 1000,gold,1000
SeaSonic,SeaSonic PRIME 1000,gold,1000
SeaSonic,SeaSonic PRIME Gold 1000,gold,1000
SeaSonic,SeaSonic PRIME Ultra Gold 1000 1000,gold,1000
SeaSonic,SeaSonic VERTEX GX 1000,gold,1000
SeaSonic,SeaSonic VERTEX GX-1000 1000,gold,1000
Segotep,Segotep GM 1000,gold,1000
Silverstone,Silverstone DA1000R 1000,gold,1000
Silverstone,Silverstone Strider 1000,gold,1000
Thermalright,Thermalright TG 1000,gold,1000
Thermaltake,Thermaltake Toughpower 1000,gold,1000
Thermaltake,Thermaltake Toughpower GF1 - TT Premium 1000,gold,1000
Thermaltake,Thermaltake Toughpower GF3 TT Premium 1000,gold,1000
Thermaltake,Thermaltake Toughpower iRGB PLUS 1000 1000,gold,1000
Thermaltake,Thermaltake Toughpower SFX 1000,gold,1000
Zalman,Zalman TeraMax II 1000,gold,1000
ADATA,ADATA XPG Core Reactor II 1200,gold,1200
Antec,Antec High Current Pro 1200,gold,1200
Asus,Asus ROG Strix Aura Edition 1200,gold,1200
Asus,Asus TUF Gaming 1200G 1200,gold,1200
be quiet!,be quiet! Dark Power Pro 10 1200,gold,1200
be quiet!,be quiet! Pure Power 12 M 1200,gold,1200
Cooler,Cooler Master Silent Pro Gold 1200,gold,1200
Corsair,Corsair AX1200 1200,gold,1200
Corsair,Corsair RM1200x SHIFT 1200,gold,1200
Corsair,Corsair RMe (2023) 1200,gold,1200
Deepcool,Deepcool PX1200G 1200,gold,1200
FSP,FSP Group AU-1200PRO 1200,gold,1200
Montech,Montech TITAN GOLD 1200W 1200,gold,1200
NZXT,NZXT C1200 1200,gold,1200
NZXT,NZXT HALE90 V2 1200,gold,1200
NZXT,NZXT HALE90 V2 1200W 1200,gold,1200
Rosewill,Rosewill Capstone G1200 1200,gold,1200
Rosewill,Rosewill CMG1200G5 1200,gold,1200
Rosewill,Rosewill PHOTON-1200 1200,gold,1200
Rosewill,Rosewill PMG1200 1200,gold,1200
Rosewill,Rosewill SMG1200 1200,gold,1200
SeaSonic,SeaSonic PRIME Gold 1200,gold,1200
SeaSonic,SeaSonic VERTEX GX 1200,gold,1200
SeaSonic,SeaSonic VERTEX GX-1200 1200,gold,1200
Silverstone,Silverstone Strider 1200,gold,1200
Thermalright,Thermalright TG 1200,gold,1200
Thermaltake,Thermaltake Toughpower 1200,gold,1200
Thermaltake,Thermaltake Toughpower GF A3 - TT Premium Edition 1200,gold,1200
Thermaltake,Thermaltake Toughpower GF A3 ATX 3.0 1200,gold,1200
Thermaltake,Thermaltake Toughpower GF1 - TT Premium 1200,gold,1200
Thermaltake,Thermaltake Toughpower GF3 Snow 1200,gold,1200
Thermaltake,Thermaltake Toughpower GF3 TT Premium 1200,gold,1200
Thermaltake,Thermaltake Toughpower Grand 1200,gold,1200
Zalman,Zalman TeraMax II 1200,gold,1200
Cooler,Cooler Master MWE Gold 1250 - V2 1250,gold,1250
Cooler,Cooler Master MWE Gold V2 ATX3.0 1250,gold,1250
MSI,MSI MAG A1250GL PCIE5 1250,gold,1250
SeaSonic,SeaSonic SS-1250XM2 1250,gold,1250
SeaSonic,SeaSonic X 1250,gold,1250
XFX,XFX ProSeries 1250,gold,1250
Antec,Antec NE1300G M ATX3.0 1300,gold,1300
Cooler,Cooler Master Silent Pro Hybrid 1300,gold,1300
EVGA,EVGA SuperNOVA 1300 G+ 1300,gold,1300
EVGA,EVGA SuperNOVA 1300 G2 1300,gold,1300
EVGA,EVGA SuperNOVA 1300 GT 1300,gold,1300
Gigabyte,Gigabyte UD1300GM PG5 1300,gold,1300
Rosewill,Rosewill Lightning 1300,gold,1300
SeaSonic,SeaSonic PRIME 1300 Gold 1300,gold,1300
Rosewill,Rosewill PHOTON 1350 1350,gold,1350
Thermaltake,Thermaltake Toughpower GF3 TT Premium 1350,gold,1350
EVGA,EVGA SuperNOVA NEX1500 Classified 1500,gold,1500
Silverstone,Silverstone Strider 1500,gold,1500
Thermaltake,Thermaltake Toughpower 1500,gold,1500
EVGA,EVGA SuperNOVA 1600 G+ 1600,gold,1600
EVGA,EVGA SuperNOVA 1600 G2 1600,gold,1600
Rosewill,Rosewill HERCULES-1600S 1600,gold,1600
Silverstone,Silverstone DA1650 Gold 1650,gold,1650
Thermaltake,Thermaltake Toughpower GF3 TT Premium 1650,gold,1650
FSP,FSP Group CANNON PRO (230V) 2000,gold,2000
FSP,FSP Group FSP500-50FSPT 500,platinum,500
Rosewill,Rosewill SilentNight-500 500,platinum,500
SeaSonic,SeaSonic Prime Fanless PX-500 500,platinum,500
Antec,Antec EarthWatts Platinum 550,platinum,550
be quiet!,be quiet! Dark Power Pro 11 550,platinum,550
be quiet!,be quiet! Straight Power 11 550,platinum,550
Cooler,Cooler Master Silent Pro Platinum 550,platinum,550
FSP,FSP Group AURUM 92+ 550,platinum,550
FSP,FSP Group Hydro PTM 550,platinum,550
Rosewill,Rosewill Fortress 550,platinum,550
Rosewill,Rosewill Quark 550 550,platinum,550
Rosewill,Rosewill Tachyon 550,platinum,550
SeaSonic,SeaSonic FOCUS 550,platinum,550
SeaSonic,SeaSonic FOCUS Plus Platinum 550,platinum,550
SeaSonic,SeaSonic PRIME Ultra Platinum 550 550,platinum,550
Silverstone,Silverstone Strider Platinum 550,platinum,550
Corsair,Corsair SF600 600,platinum,600
Fractal,Fractal Design Newton R3 600,platinum,600
Thermaltake,Thermaltake Toughpower Grand 600,platinum,600
Aerocool,Aerocool AER-P7-P650W 650,platinum,650
Antec,Antec EarthWatts Platinum 650,platinum,650
Antec,Antec NeoECO Platinum 650,platinum,650
be quiet!,be quiet! Dark Power Pro 11 650,platinum,650
be quiet!,be quiet! Straight Power 11 650,platinum,650
Cooler,Cooler Master XG650 650,platinum,650
Cooler,Cooler Master XG650 Plus 650,platinum,650
EVGA,EVGA SuperNOVA 650 P2 650,platinum,650
EVGA,EVGA SuperNOVA 650 P5 650,platinum,650
EVGA,EVGA SuperNOVA 650 P6 650,platinum,650
FSP,FSP Group AURUM 92+ 650,platinum,650
FSP,FSP Group Hydro PTM 650,platinum,650
FSP,FSP Group Hydro PTM PRO 650,platinum,650
Rosewill,Rosewill Fortress 650,platinum,650
Rosewill,Rosewill Quark 650 650,platinum,650
Rosewill,Rosewill Tachyon 650,platinum,650
SeaSonic,SeaSonic FOCUS 650,platinum,650
SeaSonic,SeaSonic FOCUS Plus Platinum 650,platinum,650
SeaSonic,SeaSonic FOCUS SPX (2021) 650,platinum,650
SeaSonic,SeaSonic PRIME Platinum 650,platinum,650
SeaSonic,SeaSonic PRIME PX 650,platinum,650
SeaSonic,SeaSonic PRIME SNOWSILENT 650,platinum,650
SeaSonic,SeaSonic PRIME Ultra Platinum 650 650,platinum,650
Silverstone,Silverstone Strider Platinum 650,platinum,650
Thermaltake,Thermaltake Toughpower PF1 - TT Premium Edition 650,platinum,650
Silverstone,Silverstone SFX 700,platinum,700
Silverstone,Silverstone SX700-PT 700,platinum,700
Thermaltake,Thermaltake Toughpower Grand 700,platinum,700
Antec,Antec EA-750 Platinum 750,platinum,750
Antec,Antec High Current Pro 750,platinum,750
Antec,Antec NeoECO Platinum 750,platinum,750
Asus,Asus ROG LOKI 750,platinum,750
be quiet!,be quiet! Dark Power Pro 11 750,platinum,750
be quiet!,be quiet! Straight Power 11 750,platinum,750
be quiet!,be quiet! Straight Power 12 750,platinum,750
Cooler,Cooler Master XG750 750,platinum,750
Cooler,Cooler Master XG750 Plus 750,platinum,750
Corsair,Corsair HX750 750,platinum,750
Corsair,Corsair HX750 Platinum 750,platinum,750
Corsair,Corsair HX750i 750,platinum,750
Corsair,Corsair SF750 750,platinum,750
EVGA,EVGA SuperNOVA 750 P2 750,platinum,750
EVGA,EVGA SuperNOVA 750 P5 750,platinum,750
EVGA,EVGA SuperNOVA 750 P6 750,platinum,750
EVGA,EVGA SuperNOVA 750 PQ 750,platinum,750
FSP,FSP Group Hydro PTM 750,platinum,750
FSP,FSP Group Hydro PTM PRO 750,platinum,750
In,In Win Classic 750,platinum,750
Lian,Lian Li PE 750,platinum,750
Phanteks,Phanteks Revolt SFX 750,platinum,750
Rosewill,Rosewill Fortress 750,platinum,750
Rosewill,Rosewill Quark 750 750,platinum,750
Rosewill,Rosewill Tachyon 750,platinum,750
SeaSonic,SeaSonic FOCUS 750,platinum,750
SeaSonic,SeaSonic FOCUS Plus Platinum 750,platinum,750
SeaSonic,SeaSonic FOCUS SPX (2021) 750,platinum,750
SeaSonic,SeaSonic PRIME Platinum 750,platinum,750
SeaSonic,SeaSonic PRIME PX 750,platinum,750
SeaSonic,SeaSonic PRIME Ultra Platinum 750 750,platinum,750
SeaSonic,SeaSonic Snow Silent 750,platinum,750
SeaSonic,SeaSonic VERTEX PX-750 750,platinum,750
Silverstone,Silverstone Strider Platinum 750,platinum,750
Silverstone,Silverstone SX750-PT 750,platinum,750
Thermaltake,Thermaltake Toughpower PF1 - TT Premium Edition 750,platinum,750
Thermaltake,Thermaltake Toughpower PF3 750,platinum,750
Zalman,Zalman ACRUX 750,platinum,750
Fractal,Fractal Design Newton R3 800,platinum,800
Aerocool,Aerocool P7 Platinum 850,platinum,850
Antec,Antec High Current Pro 850,platinum,850
Antec,Antec NeoECO Platinum 850,platinum,850
Asus,Asus ROG LOKI 850,platinum,850
Asus,Asus ROG THOR 850P 850,platinum,850
Asus,Asus ROG THOR P2 Gaming 850,platinum,850
be quiet!,be quiet! Dark Power Pro 10 850,platinum,850
be quiet!,be quiet! Dark Power Pro 11 850,platinum,850
be quiet!,be quiet! Straight Power 11 850,platinum,850
be quiet!,be quiet! Straight Power 12 850,platinum,850
Cooler,Cooler Master V850 Platinum 850,platinum,850
Cooler,Cooler Master X Silent Edge Platinum 850,platinum,850
Cooler,Cooler Master XG850 850,platinum,850
Cooler,Cooler Master XG850 Plus 850,platinum,850
Corsair,Corsair HX850 850,platinum,850
Corsair,Corsair HX850 Platinum 850,platinum,850
Corsair,Corsair HX850i 850,platinum,850
EVGA,EVGA SuperNOVA 850 P2 850,platinum,850
EVGA,EVGA SuperNOVA 850 P5 850,platinum,850
EVGA,EVGA SuperNOVA 850 P6 850,platinum,850
EVGA,EVGA SuperNOVA 850 PQ 850,platinum,850
FSP,FSP Group Hydro PTM PRO 850,platinum,850
FSP,FSP Group Hydro PTM X PRO 850,platinum,850
FSP,"FSP Group Hydro PTM X PRO,Gen5 850",platinum,850
FSP,FSP Group PT850FM 850,platinum,850
Phanteks,Phanteks Revolt SFX 850,platinum,850
Rosewill,Rosewill Quark 850 850,platinum,850
SeaSonic,SeaSonic FOCUS Plus Platinum 850,platinum,850
SeaSonic,SeaSonic FOCUS PX 850,platinum,850
SeaSonic,SeaSonic PRIME Platinum 850,platinum,850
SeaSonic,SeaSonic PRIME PX 850,platinum,850
SeaSonic,SeaSonic PRIME Ultra Platinum 850 850,platinum,850
SeaSonic,SeaSonic VERTEX PX-850 850,platinum,850
Silverstone,Silverstone Extreme 850R Platinum 850,platinum,850
Silverstone,Silverstone HELA 850R 850,platinum,850
Silverstone,Silverstone Strider Platinum 850,platinum,850
Thermalright,Thermalright TP 850,platinum,850
Thermaltake,Thermaltake Toughpower Grand 850,platinum,850
Thermaltake,Thermaltake Toughpower Grand RGB Platinum 850,platinum,850
Thermaltake,Thermaltake Toughpower iRGB PLUS 850 Platinum 850,platinum,850
Thermaltake,Thermaltake Toughpower PF1 - TT Premium Edition 850,platinum,850
Thermaltake,Thermaltake TOUGHPOWER PF1 ARGB 850,platinum,850
Thermaltake,Thermaltake Toughpower PF3 850,platinum,850
Thermaltake,Thermaltake Toughpower PF3-L 850,platinum,850
Zalman,Zalman ACRUX 850,platinum,850
In,In Win Classic 900,platinum,900
ADATA,ADATA XPG CYBERCORE 1000,platinum,1000
Antec,Antec High Current Pro 1000,platinum,1000
Antec,Antec Signature Platinum 1000,platinum,1000
Asus,Asus ROG LOKI 1000,platinum,1000
Asus,Asus ROG THOR P2 Gaming 1000,platinum,1000
Asus,Asus ROG THOR P2 Gaming EVA Edition 1000,platinum,1000
be quiet!,be quiet! Dark Power Pro 11 1000,platinum,1000
be quiet!,be quiet! Straight Power 11 1000,platinum,1000
be quiet!,be quiet! Straight Power 12 1000,platinum,1000
Cooler,Cooler Master Silent Pro Platinum 1000,platinum,1000
Cooler,Cooler Master V1000 Platinum 1000,platinum,1000
Corsair,Corsair HX1000 Platinum 1000,platinum,1000
Corsair,Corsair HX1000i 1000,platinum,1000
Corsair,Corsair HX1000i (2022) 1000,platinum,1000
Corsair,Corsair HX1000i (2023) 1000,platinum,1000
Deepcool,Deepcool PX1000P 1000,platinum,1000
EVGA,EVGA SuperNOVA 1000 P2 1000,platinum,1000
EVGA,EVGA SuperNOVA 1000 P3 1000,platinum,1000
EVGA,EVGA SuperNOVA 1000 P5 1000,platinum,1000
EVGA,EVGA SuperNOVA 1000 P6 1000,platinum,1000
EVGA,EVGA SuperNOVA 1000 PQ 1000,platinum,1000
EVGA,EVGA SuperNOVA 1000 PS 1000,platinum,1000
Fractal,Fractal Design Newton R3 1000,platinum,1000
FSP,FSP Group Hydro PTM PRO 1000,platinum,1000
FSP,"FSP Group Hydro PTM X PRO,Gen5 1000",platinum,1000
FSP,FSP Group PT1000FM 1000,platinum,1000
MSI,MSI MEG Ai1000P PCIE5 1000,platinum,1000
Phanteks,Phanteks Revolt X 1000,platinum,1000
Rosewill,Rosewill Quark 1000 1000,platinum,1000
Rosewill,Rosewill Tachyon 1000,platinum,1000
SeaSonic,SeaSonic Platinum 1000,platinum,1000
SeaSonic,SeaSonic PRIME Platinum 1000,platinum,1000
SeaSonic,SeaSonic PRIME PX 1000,platinum,1000
SeaSonic,SeaSonic PRIME Ultra Platinum 1000 1000,platinum,1000
SeaSonic,SeaSonic VERTEX PX-1000 1000,platinum,1000
Silverstone,Silverstone Strider Platinum 1000,platinum,1000
Silverstone,Silverstone Strider Platinum S 1000,platinum,1000
Silverstone,Silverstone SX1000-LPT 1000,platinum,1000
Silverstone,Silverstone SX1000R-PL 1000,platinum,1000
Thermalright,Thermalright TP 1000,platinum,1000
Thermaltake,Thermaltake Toughpower iRGB PLUS 1000 Platinum 1000,platinum,1000
XFX,XFX ProSeries 1000,platinum,1000
Zalman,Zalman ACRUX 1000,platinum,1000
Cooler,Cooler Master V SFX Platinum 1100,platinum,1100
Cooler,Cooler Master X Silent Edge Platinum 230V 1100,platinum,1100
Asus,Asus ROG THOR 1200P 1200,platinum,1200
Asus,Asus ROG THOR P2 Gaming 1200,platinum,1200
be quiet!,be quiet! Dark Power Pro 11 1200,platinum,1200
be quiet!,be quiet! Straight Power 11 1200,platinum,1200
be quiet!,be quiet! Straight Power 12 1200,platinum,1200
Cooler,Cooler Master V1200 1200,platinum,1200
Corsair,Corsair AX1200i 1200,platinum,1200
Corsair,Corsair HX1200 Platinum 1200,platinum,1200
Corsair,Corsair HX1200i 1200,platinum,1200
EVGA,EVGA SuperNOVA 1200 P2 1200,platinum,1200
EVGA,EVGA SuperNOVA 1200 P3 1200,platinum,1200
FSP,FSP Group Hydro PTM PRO 1200,platinum,1200
FSP,"FSP Group Hydro PTM PRO,Gen5 1200",platinum,1200
FSP,"FSP Group Hydro PTM X PRO,Gen5 1200",platinum,1200
FSP,FSP Group PT1200FM 1200,platinum,1200
Gigabyte,Gigabyte AORUS P1200W 1200,platinum,1200
Phanteks,Phanteks Revolt X 1200,platinum,1200
Rosewill,Rosewill Quark 1200 1200,platinum,1200
Rosewill,Rosewill Tachyon 1200 1200,platinum,1200
SeaSonic,SeaSonic Platinum 1200,platinum,1200
SeaSonic,SeaSonic PRIME Platinum 1200,platinum,1200
SeaSonic,SeaSonic VERTEX PX-1200 1200,platinum,1200
Silverstone,Silverstone HELA 1200R 1200,platinum,1200
Silverstone,Silverstone Strider Platinum 1200,platinum,1200
Silverstone,Silverstone Strider Platinum S 1200,platinum,1200
Thermaltake,Thermaltake Toughpower Grand 1200,platinum,1200
Thermaltake,Thermaltake Toughpower Grand RGB Platinum 1200,platinum,1200
Thermaltake,Thermaltake Toughpower iRGB PLUS 1200 Platinum 1200,platinum,1200
Thermaltake,Thermaltake Toughpower PF1 - TT Premium Edition 1200,platinum,1200
Thermaltake,Thermaltake TOUGHPOWER PF1 ARGB 1200,platinum,1200
Thermaltake,Thermaltake Toughpower PF3 1200,platinum,1200
Thermaltake,Thermaltake Toughpower PF3-L 1200,platinum,1200
Zalman,Zalman ACRUX 1200,platinum,1200
Zalman,Zalman 1250 Platinum 1250,platinum,1250
ADATA,ADATA XPG CYBERCORE 1300,platinum,1300
Antec,Antec High Current Pro 1300,platinum,1300
Antec,Antec Signature Platinum 1300,platinum,1300
Cooler,Cooler Master V SFX Platinum 1300,platinum,1300
Cooler,Cooler Master V1300 Platinum 1300,platinum,1300
Deepcool,Deepcool PX1300P 1300,platinum,1300
EVGA,EVGA SuperNOVA 1300 P+ 1300,platinum,1300
In,In Win P130II 1300,platinum,1300
MSI,MSI MEG Ai1300P PCIE5 1300,platinum,1300
SeaSonic,SeaSonic PRIME PX-1300 1300,platinum,1300
Silverstone,Silverstone HELA R 1300,platinum,1300
be quiet!,be quiet! Straight Power 12 1500,platinum,1500
Corsair,Corsair HX1500i (2022) 1500,platinum,1500
Corsair,Corsair HX1500i (2023) 1500,platinum,1500
EVGA,EVGA SuperNOVA 1600 P+ 1600,platinum,1600
EVGA,EVGA SuperNOVA 1600 P2 1600,platinum,1600
SeaSonic,SeaSonic PRIME PX 1600,platinum,1600
SeaSonic,SeaSonic PRIME PX-1600 ATX 3.0 1600,platinum,1600
Cooler,Cooler Master M2000 2000,platinum,2000
be quiet!,be quiet! Pure Power 10 500,silver,500
be quiet!,be quiet! Pure Power 10 CM 500,silver,500
be quiet!,be quiet! Pure Power 9 500,silver,500
Silverstone,Silverstone Strider 500,silver,500
FSP,FSP Group Raider S 550 550,silver,550
be quiet!,be quiet! Pure Power 10 600,silver,600
be quiet!,be quiet! Pure Power 10 CM 600,silver,600
be quiet!,be quiet! PURE POWER 9 CM 600,silver,600
Silverstone,Silverstone Strider 600,silver,600
Corsair,Corsair Vengeance 650M 650,silver,650
FSP,FSP Group Raider S 650 650,silver,650
be quiet!,be quiet! Pure Power 10 700,silver,700
be quiet!,be quiet! Pure Power 10 CM 700,silver,700
Corsair,Corsair Vengeance 750M 750,silver,750
FSP,FSP Group Raider S 750 750,silver,750
SeaSonic,SeaSonic SS-750HT Silver 750,silver,750
Silverstone,Silverstone Strider 750,silver,750
XFX,XFX Black Edition 750,silver,750
XFX,XFX ProSeries 750,silver,750
Cooler,Cooler Master Silent Pro M2 850,silver,850
SeaSonic,SeaSonic SS-850HT Silver 850,silver,850
Silverstone,Silverstone Strider 850,silver,850
XFX,XFX Black Edition 850,silver,850
XFX,XFX ProSeries 850,silver,850
Zalman,Zalman 850-HP Plus 850,silver,850
Cooler,Cooler Master Silent Pro M2 1000,silver,1000
Silverstone,Silverstone Strider 1000,silver,1000
Thermaltake,Thermaltake Toughpower 1000,silver,1000
Zalman,Zalman 1000-HP Plus 1000,silver,1000
Antec,Antec True Power 1200,silver,1200
EVGA,EVGA Classified SR-2 1200,silver,1200
Thermaltake,Thermaltake Toughpower 1200,silver,1200
Silverstone,Silverstone Zeus 1350,silver,1350
Thermaltake,Thermaltake Toughpower 1350,silver,1350
Cooler,Cooler Master Silent Pro M2 1500,silver,1500
Silverstone,Silverstone Strider 1500,silver,1500
Thermaltake,Thermaltake Toughpower 1500,silver,1500
Rosewill,Rosewill HERCULES-1600 1600,silver,1600
SeaSonic,SeaSonic PRIME 600 Titanium 600,titanium,600
Silverstone,Silverstone NJ600 600,titanium,600
Silverstone,Silverstone Strider Titanium 600,titanium,600
SeaSonic,SeaSonic PRIME Titanium 650,titanium,650
SeaSonic,SeaSonic PRIME TX-650 650,titanium,650
SeaSonic,SeaSonic PRIME Ultra Titanium 650,titanium,650
SeaSonic,SeaSonic PRIME Fanless 700,titanium,700
Silverstone,Silverstone NJ700 700,titanium,700
Silverstone,Silverstone Strider Titanium 700,titanium,700
be quiet!,be quiet! Dark Power 12 750,titanium,750
be quiet!,be quiet! Dark Power 13 750,titanium,750
EVGA,EVGA SuperNOVA 750 T2 750,titanium,750
SeaSonic,SeaSonic PRIME SNOWSILENT 750,titanium,750
SeaSonic,SeaSonic PRIME Titanium 750,titanium,750
SeaSonic,SeaSonic PRIME TX-750 750,titanium,750
SeaSonic,SeaSonic PRIME Ultra Titanium 750,titanium,750
Silverstone,Silverstone SFX 800,titanium,800
Silverstone,Silverstone Strider Titanium 800,titanium,800
be quiet!,be quiet! Dark Power 12 850,titanium,850
be quiet!,be quiet! Dark Power 13 850,titanium,850
Corsair,Corsair AX850 850,titanium,850
EVGA,EVGA SuperNOVA 850 T2 850,titanium,850
FSP,"FSP Group Hydro Ti PRO,Gen 5 850",titanium,850
SeaSonic,SeaSonic PRIME Titanium 850,titanium,850
SeaSonic,SeaSonic PRIME TX-850 850,titanium,850
SeaSonic,SeaSonic PRIME Ultra Titanium 850,titanium,850
Thermaltake,Thermaltake Toughpower DPS G RGB Titanium 850,titanium,850
Antec,Antec Signature 1000,titanium,1000
be quiet!,be quiet! Dark Power 12 1000,titanium,1000
be quiet!,be quiet! Dark Power 13 1000,titanium,1000
Corsair,Corsair AX1000 1000,titanium,1000
EVGA,EVGA SuperNOVA 1000 T2 1000,titanium,1000
FSP,"FSP Group Hydro Ti PRO,Gen 5 1000",titanium,1000
SeaSonic,SeaSonic PRIME Titanium 1000,titanium,1000
SeaSonic,SeaSonic PRIME TX-1000 1000,titanium,1000
SeaSonic,SeaSonic PRIME Ultra Titanium 1000,titanium,1000
Thermaltake,Thermaltake Toughpower DPS G RGB Titanium 1000,titanium,1000
Silverstone,Silverstone Strider Titanium 1100,titanium,1100
Asus,Asus ROG LOKI 1200,titanium,1200
be quiet!,be quiet! Dark Power Pro 12 1200,titanium,1200
Cooler,Cooler Master MasterWatt Maker 1200,titanium,1200
Cooler,Cooler Master MASTERWATT MAKER MIJ 1200,titanium,1200
Rosewill,Rosewill TOKAMAK 1200 1200,titanium,1200
Thermaltake,Thermaltake Toughpower DPS G RGB 1250,titanium,1250
Thermaltake,Thermaltake Toughpower iRGB PLUS 1250,titanium,1250
Thermaltake,Thermaltake Toughpower iRGB PLUS TT Premium Edition 1250,titanium,1250
be quiet!,be quiet! Dark Power Pro 13 1300,titanium,1300
SeaSonic,SeaSonic PRIME TX 1300,titanium,1300
SeaSonic,SeaSonic PRIME TX-1300 ATX 3.0 1300,titanium,1300
Silverstone,Silverstone Strider Titanium 1300,titanium,1300
be quiet!,be quiet! Dark Power Pro 12 1500,titanium,1500
Cooler,Cooler Master MasterWatt Maker 1500 (no Bluetooth) 1500,titanium,1500
Corsair,Corsair AX1500i 1500,titanium,1500
Corsair,Corsair AX1500i 240V 1500,titanium,1500
Silverstone,Silverstone Strider Titanium 1500,titanium,1500
Thermaltake,Thermaltake Toughpower DPS G RGB Titanium 1500,titanium,1500
Thermaltake,Thermaltake Toughpower TF1 - TT Premium 1550,titanium,1550
ADATA,ADATA XPG FUSION 1600 1600,titanium,1600
Asus,Asus ROG THOR 1600T Gaming 1600,titanium,1600
be quiet!,be quiet! Dark Power Pro 13 1600,titanium,1600
Corsair,Corsair AX1600i 1600,titanium,1600
EVGA,EVGA SuperNOVA 1600 T2 1600,titanium,1600
SeaSonic,SeaSonic PRIME TX 1600,titanium,1600
SeaSonic,SeaSonic PRIME TX-1600 ATX 3.0 1600,titanium,1600
Thermaltake,Thermaltake Toughpower iRGB PLUS TT Premium Edition 1650,titanium,1650
