Corsair,Vengeance LPX DDR4 16GB 3600,16GB,3600
Corsair,Vengeance LPX DDR4 8GB 3600,8GB,3600
Corsair,Vengeance RGB DDR4 8GB 3600,8GB,3600
Crucial,Ballistix Elite DDR4 8GB 3600,8GB,3600
G.SKILL,Trident Z DDR4 4GB 3600,4GB,3600
G.SKILL,Trident Z DDR4 8GB 3600,8GB,3600
Corsair,Vengeance RGB PRO DDR4 16GB 3200,16GB,3200
Corsair,Vengeance LPX DDR4 16GB 3200,16GB,3200
Corsair,Vengeance LPX DDR4 8GB 3200,8GB,3200
Corsair,Vengeance RGB DDR4 8GB 3200,8GB,3200
Corsair,Vengeance LED DDR4 8GB  3200,8GB,3200
Corsair,Vengeance RGB PRO DDR4 8GB 3200,8GB,3200
G.SKILL,Trident Z DDR4 16GB 3200,16GB,3200
G.SKILL,Ripjaws V DDR4 16GB 3200,16GB,3200
G.SKILL,Flare X DDR4 8GB 3200,8GB,3200
G.SKILL,Trident Z DDR4 8GB 3200,8GB,3200
G.SKILL,Trident Z RGB DDR4 8GB 3200,8GB,3200
G.SKILL,Ripjaws V DDR4 8GB 3200,8GB,3200
Corsair,Dominator DDR4 16GB 3000,16GB,3000
Corsair,Vengeance RGB DDR4 16GB 3000,16GB,3000
Corsair,Vengeance LPX DDR4 16GB 3000,16GB,3000
Corsair,Vengeance LPX DDR4 4GB 3000,4GB,3000
Corsair,Dominator DDR4 8GB 3000,8GB,3000
Corsair,Vengeance RGB DDR4 8GB 3000,8GB,3000
Corsair,Vengeance LED DDR4 8GB 3000,8GB,3000
Corsair,Vengeance LPX DDR4 8GB 3000,8GB,3000
G.SKILL,Ripjaws 4 DDR4 4GB 3000,4GB,3000
G.SKILL,Trident Z DDR4 8GB 3000,8GB,3000
G.SKILL,Trident Z RGB DDR4 8GB 3000,8GB,3000
Corsair,Vengeance LPX DDR4 4GB 2800,4GB,2800
G.SKILL,Ripjaws 4 DDR4 4GB 2800,4GB,2800
Corsair,Vengeance LPX DDR416GB 2666,16GB,2666
Corsair,Vengeance LPX DDR4 4GB 2666,4GB,2666
Corsair,Vengeance LPX DDR4 8GB 2666,8GB,2666
Corsair,Vengeance RGB DDR4 8GB 2666,8GB,2666
Corsair,Vengeance LED DDR4 8GB 2666,8GB,2666
Crucial,Ballistix Sport LT DDR4 8GB 2666,8GB,2666
HyperX,Fury DDR4 4GB 2666,4GB,2666
HyperX,Fury DDR4 8GB 2666,8GB,2666
HyperX,Predator DDR4 8GB 2666,8GB,2666
Corsair,Vengeance LPX DDR4 16GB 2400,16GB,2400
Corsair,Vengeance LPX DDR4 4GB 2400,4GB,2400
Corsair,Vengeance LPX DDR4 8GB 2400,8GB,2400
Corsair,Vengeance LED DDR4 8GB 2400,8GB,2400
Crucial,UDIMM DDR4 16GB 2400,16GB,2400
Crucial,Ballistix Sport DDR4 4GB 2400,4GB,2400
Crucial,UDIMM DDR4 4GB 2400,4GB,2400
Crucial,Ballistix Sport LT DDR4 8GB 2400,8GB,2400
Crucial,Ballistix Sport DDR4 8GB 2400,8GB,2400
Crucial,UDIMM DDR4 8GB 2400,8GB,2400
G.SKILL,Ripjaws 4 DDR4 16GB 2400,16GB,2400
G.SKILL,Ripjaws V DDR4 4GB 2400,4GB,2400
G.SKILL,Ripjaws V DDR4 8GB 2400,8GB,2400
G.SKILL,Ripjaws 4 DDR4 8GB 2400,8GB,2400
HyperX,Fury DDR4 4GB 2400,4GB,2400
HyperX,Fury DDR4 8GB 2400,8GB,2400
Corsair,ValueSelect DDR4 4GB 2133,4GB,2133
Corsair,Vengeance LPX DDR4 8GB 2133,8GB,2133
G.SKILL,Ripjaws V DDR4 16GB 2133,16GB,2133
G.SKILL,Ripjaws V DDR4 4GB 2133,4GB,2133
G.SKILL,Value DDR4 4GB 2133,4GB,2133
G.SKILL,Ripjaws V DDR4 8GB 2133,8GB,2133
HyperX,Fury DDR4 4GB 2133,4GB,2133
HyperX,Fury DDR4 8GB 2133,8GB,2133
