Acer,Acer SA100 240,240,SSD
ADATA,ADATA Premier SP550 240,240,SSD
ADATA,ADATA S510 240,240,SSD
ADATA,ADATA S511 240,240,SSD
ADATA,ADATA SU630 240,240,SSD
ADATA,ADATA SU635 240,240,SSD
ADATA,ADATA SU655 240,240,SSD
ADATA,ADATA Ultimate SU650 240,240,SSD
ADATA,ADATA XPG GAMMIX S11 240,240,SSD
ADATA,ADATA XPG SX8200 240 240,240,SSD
ADATA,ADATA XPG SX930 240,240,SSD
ADATA,ADATA XPG SX950 240,240,SSD
Apacer,Apacer AS2280P4 240,240,SSD
Apacer,Apacer AS340 PANTHER 240,240,SSD
Apacer,Apacer AS350 PANTHER 240,240,SSD
Apacer,Apacer AST280 240,240,SSD
Corsair,Corsair Force 240,240,SSD
Corsair,Corsair Force 3 240,240,SSD
Corsair,Corsair Force GS 240,240,SSD
Corsair,Corsair Force GT 240,240,SSD
Corsair,Corsair Force LE 240,240,SSD
Corsair,Corsair Force LS 240,240,SSD
Corsair,Corsair Force MP500 240,240,SSD
Corsair,Corsair MP300 240,240,SSD
Corsair,Corsair MP510 240,240,SSD
Corsair,Corsair Neutron 240,240,SSD
Corsair,Corsair Neutron GTX 240,240,SSD
Corsair,Corsair Neutron XT 240,240,SSD
Corsair,Corsair Neutron XTi 240,240,SSD
Crucial,Crucial BX200 240,240,SSD
Crucial,Crucial BX300 240,240,SSD
Crucial,Crucial BX500 240,240,SSD
Crucial,Crucial M500 240,240,SSD
G.Skill,G.Skill Phoenix FTL 240,240,SSD
G.Skill,G.Skill Phoenix III 240,240,SSD
G.Skill,G.Skill Phoenix Pro 240,240,SSD
G.Skill,G.Skill Ripjaws S3 240,240,SSD
Gigabyte,Gigabyte GP-GSTFS31240GNTD 240,240,SSD
Intel,Intel 330 240,240,SSD
Intel,Intel 335 240,240,SSD
Intel,Intel 520 240,240,SSD
Intel,Intel 530 240,240,SSD
Intel,Intel 535 240,240,SSD
Intel,Intel 540s 240,240,SSD
Intel,Intel 730 240,240,SSD
Intel,Intel D3-S4510 240,240,SSD
Intel,Intel D3-S4520 240,240,SSD
Intel,Intel D3-S4610 240,240,SSD
Intel,Intel DC S3500 240,240,SSD
Intel,Intel DC S4500 240,240,SSD
Intel,Intel DC S4600 240,240,SSD
Intel,Intel DC S3510  240,240,SSD
Intel,Intel Pro 2500 240,240,SSD
Intel,Intel Pro 5400s 240,240,SSD
Intel,Intel SSDSC2BB240G601 240,240,SSD
Intel,Intel SSDSCKJW240H601 240,240,SSD
Kingston,Kingston A1000 240,240,SSD
Kingston,Kingston A400 240,240,SSD
Kingston,Kingston DC1000B 240,240,SSD
Kingston,Kingston E50 Enterprise 240,240,SSD
Kingston,Kingston FURY 240,240,SSD
Kingston,Kingston HyperX 240,240,SSD
Kingston,Kingston HyperX 3K 240,240,SSD
Kingston,Kingston HyperX Fury 240,240,SSD
Kingston,Kingston HyperX FURY RGB 240,240,SSD
Kingston,Kingston HyperX FURY RGB BUNDLE 240,240,SSD
Kingston,Kingston KC1000 240,240,SSD
Kingston,Kingston KC300 240,240,SSD
Kingston,Kingston Predator 240,240,SSD
Kingston,Kingston Q500 240,240,SSD
Kingston,Kingston Savage 240,240,SSD
Kingston,Kingston SHSS3B7A/240G Bundle 240,240,SSD
Kingston,Kingston SSDNow 240,240,SSD
Kingston,Kingston SSDNow G2 240,240,SSD
Kingston,Kingston SSDNow KC100 240,240,SSD
Kingston,Kingston SSDNow KC300 240,240,SSD
Kingston,Kingston SSDNow UV400 240,240,SSD
Kingston,Kingston SSDNow V+200 240,240,SSD
Kingston,Kingston SSDNow V300 240,240,SSD
Kingston,Kingston UV500B 240,240,SSD
Lenovo,Lenovo 5300 240,240,SSD
Lenovo,Lenovo S4520 240,240,SSD
Micron,Micron 5400 Boot 240,240,SSD
Micron,Micron 5400 Boot eSSC 240,240,SSD
Micron,Micron 5400 Boot OPAL 240,240,SSD
Micron,Micron 5400 Pro 240,240,SSD
Micron,Micron 5400 Pro eSSC 240,240,SSD
Micron,Micron 5400 Pro OPAL 240,240,SSD
MSI,MSI SPATIUM S270 240,240,SSD
Patriot,Patriot Blast 240,240,SSD
Patriot,Patriot Blaze 240,240,SSD
Patriot,Patriot Burst 240,240,SSD
Patriot,Patriot Burst Elite 240,240,SSD
Patriot,Patriot Hellfire 240,240,SSD
Patriot,Patriot Ignite 240,240,SSD
Patriot,Patriot Ignite M2 240,240,SSD
Patriot,Patriot Inferno 240,240,SSD
Patriot,Patriot Mac Series XT 240,240,SSD
Patriot,Patriot P310 240,240,SSD
Patriot,Patriot Pyro 240,240,SSD
Patriot,Patriot Pyro SE 240,240,SSD
Patriot,Patriot Torch LE 240,240,SSD
Patriot,Patriot Wildfire 240,240,SSD
PNY,PNY CL4111 240,240,SSD
PNY,PNY CS1111 240,240,SSD
PNY,PNY CS1211 240,240,SSD
PNY,PNY CS1311 240,240,SSD
PNY,PNY CS2030 240,240,SSD
PNY,PNY CS2111 240,240,SSD
PNY,PNY CS2211 240,240,SSD
PNY,PNY CS900 240,240,SSD
PNY,PNY Optima 240,240,SSD
PNY,PNY Prevail 240,240,SSD
PNY,PNY Prevail Elite 240,240,SSD
PNY,PNY XLR8 240,240,SSD
PNY,PNY XLR8 PRO 240,240,SSD
Samsung,Samsung 845DC EVO 240,240,SSD
Samsung,Samsung Data Center 240,240,SSD
Samsung,Samsung PM893 240,240,SSD
Samsung,Samsung SM843T Data Center 240,240,SSD
Samsung,Samsung SM843TN 240,240,SSD
SanDisk,SanDisk Extreme 240,240,SSD
SanDisk,SanDisk Extreme II 240,240,SSD
SanDisk,SanDisk EXTREME PRO 240,240,SSD
SanDisk,SanDisk SSD PLUS 240,240,SSD
SanDisk,SanDisk Ultra 240,240,SSD
SanDisk,SanDisk Ultra II 240,240,SSD
SanDisk,SanDisk Z410 240,240,SSD
Seagate,Seagate 600 240,240,SSD
Seagate,Seagate 600 Pro 240,240,SSD
Seagate,Seagate BarraCuda Q1 240,240,SSD
Seagate,Seagate IronWolf 510 240,240,SSD
Seagate,Seagate IronWolf NAS 240,240,SSD
Seagate,Seagate IronWolf Pro 125 240,240,SSD
Seagate,Seagate Nytro Enterprise 240,240,SSD
TEAMGROUP,TEAMGROUP CX1 240,240,SSD
TEAMGROUP,TEAMGROUP Dark L3 240,240,SSD
TEAMGROUP,TEAMGROUP GX1 240,240,SSD
TEAMGROUP,TEAMGROUP L3 EVO 240,240,SSD
TEAMGROUP,TEAMGROUP L5 LITE 240,240,SSD
TEAMGROUP,TEAMGROUP L5 LITE 3D 240,240,SSD
TEAMGROUP,TEAMGROUP T-Force Cardea 240,240,SSD
TEAMGROUP,TEAMGROUP T-Force Cardea Zero 240,240,SSD
TEAMGROUP,TEAMGROUP T-Force Vulcan Z 240,240,SSD
TEAMGROUP,TEAMGROUP Ultra L5 240,240,SSD
Western,Western Digital easystore 240,240,SSD
Western,Western Digital Green 240,240,SSD
Western,Western Digital Green SN350 240,240,SSD
Western,Western Digital Ultrastar 240,240,SSD
Western,Western Digital WD Green 240,240,SSD
Zotac,Zotac Premium Edition 240,240,SSD
Zotac,Zotac T500 240,240,SSD
ADATA,ADATA LEGEND 700 250,250,SSD
ADATA,ADATA Legend 740 250,250,SSD
ADATA,ADATA Swordfish 250,250,SSD
Crucial,Crucial BX100 250,250,SSD
Crucial,Crucial MX200 250,250,SSD
Crucial,Crucial MX500 250,250,SSD
Crucial,Crucial P2 250,250,SSD
Crucial,Crucial P5 250,250,SSD
Gigabyte,Gigabyte 4000E 250,250,SSD
Intel,Intel 510 250,250,SSD
Kingston,Kingston A2000 250,250,SSD
Kingston,Kingston KC2000 250,250,SSD
Kingston,Kingston KC2500 250,250,SSD
Kingston,Kingston NV1 250,250,SSD
Kingston,Kingston NV2 250,250,SSD
MSI,MSI SPATIUM M460 250,250,SSD
MSI,MSI SPATIUM M460 HS 250,250,SSD
Patriot,Patriot P400 Lite 250,250,SSD
PNY,PNY CS1030 250,250,SSD
PNY,PNY CS900 250,250,SSD
PNY,PNY XLR8 CS2311 250,250,SSD
PNY,PNY XLR8 CS3030 250,250,SSD
Samsung,Samsung 750 EVO 250,250,SSD
Samsung,Samsung 840 250,250,SSD
Samsung,Samsung 840 Evo 250,250,SSD
Samsung,Samsung 850 Evo 250,250,SSD
Samsung,Samsung 860 Evo 250,250,SSD
Samsung,Samsung 870 Evo 250,250,SSD
Samsung,Samsung 960 Evo 250,250,SSD
Samsung,Samsung 970 Evo 250,250,SSD
Samsung,Samsung 970 Evo Plus 250,250,SSD
Samsung,Samsung 980 250,250,SSD
Samsung,Samsung 980 Pro 250,250,SSD
SanDisk,SanDisk Ultra 250,250,SSD
SanDisk,SanDisk Ultra 3D 250,250,SSD
SanDisk,SanDisk X210 250,250,SSD
Seagate,Seagate BarraCuda 120 250,250,SSD
Seagate,Seagate Barracuda Compute 250,250,SSD
Seagate,Seagate Barracuda PCIe 250,250,SSD
Seagate,Seagate FireCuda 510 250,250,SSD
Seagate,Seagate IronWolf 125 250,250,SSD
TEAMGROUP,TEAMGROUP MP44L 250,250,SSD
TEAMGROUP,TEAMGROUP T-Force Cardea Z44L 250,250,SSD
TEAMGROUP,TEAMGROUP T-Force Delta Max RGB 250,250,SSD
TEAMGROUP,TEAMGROUP T-Force Delta Phantom Gaming RGB 250,250,SSD
TEAMGROUP,TEAMGROUP T-Force Delta RGB 250,250,SSD
TEAMGROUP,TEAMGROUP T-Force Vulcan 250,250,SSD
Western,Western Digital Black NVMe 250,250,SSD
Western,Western Digital Black SN750 250,250,SSD
Western,Western Digital Black SN750 Rev2 250,250,SSD
Western,Western Digital Black SN750 SE 250,250,SSD
Western,Western Digital Black SN770 250,250,SSD
Western,Western Digital Blue 250,250,SSD
Western,Western Digital Blue SA510 250,250,SSD
Western,Western Digital Blue SN500 250,250,SSD
Western,Western Digital Blue SN550 250,250,SSD
Western,Western Digital Blue SN570 250,250,SSD
Western,Western Digital Blue SN580 250,250,SSD
Western,Western Digital Red SN700 250,250,SSD
Western,Western Digital WD Blue 250,250,SSD
Acer,Acer FA100 256,256,SSD
ADATA,ADATA Falcon 256,256,SSD
ADATA,ADATA ISSS333-256GD 256,256,SSD
ADATA,ADATA ISSS333-256GP 256,256,SSD
ADATA,ADATA LEGEND 700 256,256,SSD
ADATA,ADATA Premier Pro SP600 256,256,SSD
ADATA,ADATA Premier Pro SP900 256,256,SSD
ADATA,ADATA Premier Pro SP920 256,256,SSD
ADATA,ADATA Premier SP600NS34 256,256,SSD
ADATA,ADATA Premier SP610 256,256,SSD
ADATA,ADATA S501 V2 256,256,SSD
ADATA,ADATA S599 256,256,SSD
ADATA,ADATA SP900 M.2 256,256,SSD
ADATA,ADATA SU760 256,256,SSD
ADATA,ADATA SU800 256,256,SSD
ADATA,ADATA SU900 256,256,SSD
ADATA,ADATA SX7000 256,256,SSD
ADATA,ADATA Ultimate SU750 256,256,SSD
ADATA,ADATA XPG GAMMIX S11 Pro 256,256,SSD
ADATA,ADATA XPG GAMMIX S41 256,256,SSD
ADATA,ADATA XPG GAMMIX S5 256,256,SSD
ADATA,ADATA XPG SPECTRIX S40G RGB 256,256,SSD
ADATA,ADATA XPG SX6000 256,256,SSD
ADATA,ADATA XPG SX6000 Pro 256,256,SSD
ADATA,ADATA XPG SX8000 256,256,SSD
ADATA,ADATA XPG SX8200 Pro 256,256,SSD
ADATA,ADATA XPG SX850 256,256,SSD
ADATA,ADATA XPG SX900 256,256,SSD
ADATA,ADATA XPG SX910 256,256,SSD
Apacer,Apacer AS2280P4 256,256,SSD
Apacer,Apacer AS350 PANTHER 256,256,SSD
Apacer,Apacer AS510S ProII 256,256,SSD
Apacer,Apacer PP3480 256,256,SSD
Apacer,Apacer PPSS25 256,256,SSD
Apacer,Apacer PPSS80 256,256,SSD
Corsair,Corsair Force LX 256,256,SSD
Corsair,Corsair Neutron 256,256,SSD
Corsair,Corsair Performance 256,256,SSD
Corsair,Corsair Performance 3 256,256,SSD
Corsair,Corsair Performance Pro 256,256,SSD
Crucial,Crucial M4 256,256,SSD
Crucial,Crucial M550 256,256,SSD
Crucial,Crucial MX100 256,256,SSD
Crucial,Crucial RealSSD C300 256,256,SSD
Crucial,Crucial V4 256,256,SSD
Gigabyte,Gigabyte AORUS RGB 256,256,SSD
Gigabyte,Gigabyte GP-GSM2NE3256GNTD 256,256,SSD
Gigabyte,Gigabyte GP-GSM2NE8256GNTD 256,256,SSD
Gigabyte,Gigabyte GP-GSTFS31256GTND 256,256,SSD
Gigabyte,Gigabyte UD PRO 256 256,256,SSD
Intel,Intel 5450s 256,256,SSD
Intel,Intel 545s 256,256,SSD
Intel,Intel 600p 256,256,SSD
Intel,Intel 760p 256,256,SSD
Intel,Intel DC P3100 256,256,SSD
Intel,Intel DC P4101 256,256,SSD
Intel,Intel DC S3110 256,256,SSD
Intel,Intel Pro 6000p 256,256,SSD
Kingston,Kingston KC600 256,256,SSD
Kingston,Kingston KC600B 256,256,SSD
Kingston,Kingston SSDNow KC400 256,256,SSD
Kingston,Kingston SSDNow V+ 256,256,SSD
Kingston,Kingston SSDNow V+100 256,256,SSD
Kingston,Kingston SSDNow V100 256,256,SSD
Kingston,Kingston SSDNow V200 256,256,SSD
Lenovo,Lenovo 4XB0W79580 256,256,SSD
Micron,Micron 1100 256,256,SSD
Micron,Micron 2200 256,256,SSD
Micron,Micron 2300 256,256,SSD
Micron,Micron M600 256,256,SSD
Patriot,Patriot P210 256,256,SSD
Patriot,Patriot P300 256,256,SSD
Patriot,Patriot Scorch 256,256,SSD
Patriot,Patriot Spark 256,256,SSD
Patriot,Patriot Torqx 2 256,256,SSD
Patriot,Patriot VPN100 256,256,SSD
Patriot,Patriot VPR100 RGB 256,256,SSD
PNY,PNY CS1031 256,256,SSD
Sabrent,Sabrent Rocket 256,256,SSD
Sabrent,Sabrent Rocket 4.0 256,256,SSD
Samsung,Samsung 470 256,256,SSD
Samsung,Samsung 830 256,256,SSD
Samsung,Samsung 840 Pro 256,256,SSD
Samsung,Samsung 850 Pro 256,256,SSD
Samsung,Samsung 860 Pro 256,256,SSD
Samsung,Samsung 950 PRO 256,256,SSD
Samsung,Samsung MMDOE56G5MXP-0VB 256,256,SSD
Samsung,Samsung MZVPV256HDGL-00000 256,256,SSD
Samsung,Samsung PM871b 256,256,SSD
Samsung,Samsung PM951 256,256,SSD
Samsung,Samsung PM961 256,256,SSD
Samsung,Samsung SM951 256,256,SSD
Samsung,Samsung SM961 256,256,SSD
Samsung,Samsung XP941 256,256,SSD
SanDisk,SanDisk Solid State Drive 256,256,SSD
SanDisk,SanDisk Ultra Plus 256,256,SSD
SanDisk,SanDisk X110 256,256,SSD
SanDisk,SanDisk X300S 256,256,SSD
SanDisk,SanDisk X400 256,256,SSD
SanDisk,SanDisk X600 256,256,SSD
SanDisk,SanDisk Z400s 256,256,SSD
Seagate,Seagate Barracuda Compute 256,256,SSD
TEAMGROUP,TEAMGROUP AX2 256,256,SSD
TEAMGROUP,TEAMGROUP Cardea II 256,256,SSD
TEAMGROUP,TEAMGROUP CX2 256,256,SSD
TEAMGROUP,TEAMGROUP GX2 256,256,SSD
TEAMGROUP,TEAMGROUP MP33 256,256,SSD
TEAMGROUP,TEAMGROUP MP34 256,256,SSD
TEAMGROUP,TEAMGROUP MS30 256,256,SSD
TEAMGROUP,TEAMGROUP T-Force Cardea Liquid 256,256,SSD
TEAMGROUP,TEAMGROUP T-Force Cardea Zero Z340 256,256,SSD
TEAMGROUP,TEAMGROUP T-Force Vulcan Z 256,256,SSD
Western,Western Digital Black PCIe 256,256,SSD
Western,Western Digital PC SN730 256,256,SSD
Western,Western Digital PC SN740 Opal 256,256,SSD
Western,Western Digital PC SN740 Pyrite 256,256,SSD
Western,Western Digital SiliconEdge Blue 256,256,SSD
Western,Western Digital SN520 256,256,SSD
Western,Western Digital SN530 256,256,SSD
Western,Western Digital SN530 SED 256,256,SSD
Acer,Acer SA100 480,480,SSD
ADATA,ADATA Premier SP550 480,480,SSD
ADATA,ADATA S510 480,480,SSD
ADATA,ADATA S511 480,480,SSD
ADATA,ADATA SU630 480,480,SSD
ADATA,ADATA SU635 480,480,SSD
ADATA,ADATA SU655 480,480,SSD
ADATA,ADATA Ultimate SU650 480,480,SSD
ADATA,ADATA XPG GAMMIX S11 480,480,SSD
ADATA,ADATA XPG SX8200 480 480,480,SSD
ADATA,ADATA XPG SX930 480,480,SSD
ADATA,ADATA XPG SX950 480,480,SSD
ADATA,ADATA XPG SX950U 480,480,SSD
Apacer,Apacer AS2280P4 480,480,SSD
Apacer,Apacer AS340 PANTHER 480,480,SSD
Apacer,Apacer AS350 PANTHER 480,480,SSD
Apacer,Apacer AS510S ProII 480,480,SSD
Apacer,Apacer AST280 480,480,SSD
Corsair,Corsair Force 3 480,480,SSD
Corsair,Corsair Force GS 480,480,SSD
Corsair,Corsair Force GT 480,480,SSD
Corsair,Corsair Force LE 480,480,SSD
Corsair,Corsair Force LS 480,480,SSD
Corsair,Corsair Force MP500 480,480,SSD
Corsair,Corsair MP300 480,480,SSD
Corsair,Corsair MP510 480,480,SSD
Corsair,Corsair Neutron GTX 480,480,SSD
Corsair,Corsair Neutron XT 480,480,SSD
Corsair,Corsair Neutron XTi 480,480,SSD
Crucial,Crucial BX200 480,480,SSD
Crucial,Crucial BX300 480,480,SSD
Crucial,Crucial BX500 480,480,SSD
Crucial,Crucial M500 480,480,SSD
Gigabyte,Gigabyte GP-GSTFS31480GNTD 480,480,SSD
Intel,Intel 520 480,480,SSD
Intel,Intel 530 480,480,SSD
Intel,Intel 535 480,480,SSD
Intel,Intel 540s 480,480,SSD
Intel,Intel 730 480,480,SSD
Intel,Intel D3-S4510 480,480,SSD
Intel,Intel D3-S4520 480,480,SSD
Intel,Intel D3-S4610 480,480,SSD
Intel,Intel D3-S4620 480,480,SSD
Intel,Intel DC S3500 480,480,SSD
Intel,Intel DC S3520 480,480,SSD
Intel,Intel DC S3610 480,480,SSD
Intel,Intel DC S4500 480,480,SSD
Intel,Intel Pro 2500 480,480,SSD
Intel,Intel Pro 5400s 480,480,SSD
Intel,Intel SSDSC2BB480G601 480,480,SSD
Intel,Intel SSDSC2BW480H6R5 480,480,SSD
Kingston,Kingston A1000 480,480,SSD
Kingston,Kingston A400 480,480,SSD
Kingston,Kingston DC1000B 480,480,SSD
Kingston,Kingston DC450R 480,480,SSD
Kingston,Kingston DC500R 480,480,SSD
Kingston,Kingston FURY 480,480,SSD
Kingston,Kingston HyperX 480,480,SSD
Kingston,Kingston HyperX 3K 480,480,SSD
Kingston,Kingston HyperX FURY RGB 480,480,SSD
Kingston,Kingston HyperX FURY RGB BUNDLE 480,480,SSD
Kingston,Kingston KC1000 480,480,SSD
Kingston,Kingston KC300 480,480,SSD
Kingston,Kingston Predator 480,480,SSD
Kingston,Kingston Q500 480,480,SSD
Kingston,Kingston Savage 480,480,SSD
Kingston,Kingston SHSS3B7A/480G Bundle 480,480,SSD
Kingston,Kingston SSDNOW DC500M 480,480,SSD
Kingston,Kingston SSDNow E5 480,480,SSD
Kingston,Kingston SSDNow G2 480,480,SSD
Kingston,Kingston SSDNow KC100 480,480,SSD
Kingston,Kingston SSDNow KC300 480,480,SSD
Kingston,Kingston SSDNow UV400 480,480,SSD
Kingston,Kingston SSDNow V+200 480,480,SSD
Kingston,Kingston SSDNow V300 480,480,SSD
Kingston,Kingston UV500B 480,480,SSD
Lenovo,Lenovo 5300 480,480,SSD
Lenovo,Lenovo S4520 480,480,SSD
Micron,Micron 5200 ECO 480,480,SSD
Micron,Micron 5200 MAX 480,480,SSD
Micron,Micron 5300 PRO 480,480,SSD
Micron,Micron 5400 Max 480,480,SSD
Micron,Micron 5400 Max eSSC 480,480,SSD
Micron,Micron 5400 Max OPAL 480,480,SSD
Micron,Micron 5400 Pro 480,480,SSD
Micron,Micron 5400 Pro eSSC 480,480,SSD
Micron,Micron 5400 Pro OPAL 480,480,SSD
Micron,Micron 7300 PRO 480,480,SSD
Micron,Micron 7400 PRO 480,480,SSD
MSI,MSI SPATIUM S270 480,480,SSD
Patriot,Patriot Blast 480,480,SSD
Patriot,Patriot Blaze 480,480,SSD
Patriot,Patriot Burst 480,480,SSD
Patriot,Patriot Burst Elite 480,480,SSD
Patriot,Patriot Hellfire 480,480,SSD
Patriot,Patriot Ignite 480,480,SSD
Patriot,Patriot Ignite M2 480,480,SSD
Patriot,Patriot P310 480,480,SSD
Patriot,Patriot Torch LE 480,480,SSD
Patriot,Patriot Wildfire 480,480,SSD
PNY,PNY CL4111 480,480,SSD
PNY,PNY CS1111 480,480,SSD
PNY,PNY CS1211 480,480,SSD
PNY,PNY CS1311 480,480,SSD
PNY,PNY CS2030 480,480,SSD
PNY,PNY CS2111 480,480,SSD
PNY,PNY CS2211 480,480,SSD
PNY,PNY CS900 480,480,SSD
PNY,PNY Optima 480,480,SSD
PNY,PNY Prevail 480,480,SSD
PNY,PNY Prevail Elite 480,480,SSD
PNY,PNY XLR8 480,480,SSD
PNY,PNY XLR8 PRO 480,480,SSD
Samsung,Samsung 845DC EVO 480,480,SSD
Samsung,Samsung Data Center 480,480,SSD
Samsung,Samsung PM853T Data Center 480,480,SSD
Samsung,Samsung PM883 480,480,SSD
Samsung,Samsung PM893 480,480,SSD
Samsung,Samsung SM843T Data Center 480,480,SSD
Samsung,Samsung SM843TN 480,480,SSD
Samsung,Samsung SM863 480,480,SSD
SanDisk,SanDisk CloudSpeed Eco Gen. II 480,480,SSD
SanDisk,SanDisk Extreme 480,480,SSD
SanDisk,SanDisk Extreme II 480,480,SSD
SanDisk,SanDisk EXTREME PRO 480,480,SSD
SanDisk,SanDisk SSD PLUS 480,480,SSD
SanDisk,SanDisk Ultra II 480,480,SSD
SanDisk,SanDisk Z410 480,480,SSD
Seagate,Seagate 600 480,480,SSD
Seagate,Seagate 600 Pro 480,480,SSD
Seagate,Seagate BarraCuda Q1 480,480,SSD
Seagate,Seagate IronWolf 510 480,480,SSD
Seagate,Seagate IronWolf NAS 480,480,SSD
Seagate,Seagate IronWolf Pro 125 480,480,SSD
Seagate,Seagate Nytro Enterprise 480,480,SSD
TEAMGROUP,TEAMGROUP CX1 480,480,SSD
TEAMGROUP,TEAMGROUP GX1 480,480,SSD
TEAMGROUP,TEAMGROUP L3 EVO 480,480,SSD
TEAMGROUP,TEAMGROUP L5 LITE 480,480,SSD
TEAMGROUP,TEAMGROUP L5 LITE 3D 480,480,SSD
TEAMGROUP,TEAMGROUP P30 480,480,SSD
TEAMGROUP,TEAMGROUP T-Force Cardea 480,480,SSD
TEAMGROUP,TEAMGROUP T-Force Cardea Zero 480,480,SSD
TEAMGROUP,TEAMGROUP T-Force Vulcan Z 480,480,SSD
Western,Western Digital easystore 480,480,SSD
Western,Western Digital Green 480,480,SSD
Western,Western Digital Green SN350 480,480,SSD
Western,Western Digital WD Green 480,480,SSD
Zotac,Zotac Premium Edition 480,480,SSD
ADATA,ADATA ATOM 30 500,500,SSD
ADATA,ADATA LEGEND 700 500,500,SSD
ADATA,ADATA Legend 740 500,500,SSD
ADATA,ADATA Legend 750 500,500,SSD
ADATA,ADATA Legend 800 500,500,SSD
ADATA,ADATA LEGEND 800 GOLD 500,500,SSD
ADATA,ADATA LEGEND 850 LITE 500,500,SSD
ADATA,ADATA Swordfish 500,500,SSD
ADATA,ADATA XPG SPECTRIX S20G 500,500,SSD
Apacer,Apacer AS2280Q4 500,500,SSD
Corsair,Corsair MP600 500,500,SSD
Corsair,Corsair MP600 Force Series Gen4 500,500,SSD
Corsair,Corsair MP600 GS 500,500,SSD
Corsair,Corsair MP600 PRO LPX 500,500,SSD
Corsair,Corsair MP600 PRO NH 500,500,SSD
Crucial,Crucial BX100 500,500,SSD
Crucial,Crucial MX200 500,500,SSD
Crucial,Crucial MX500 500,500,SSD
Crucial,Crucial P1 500,500,SSD
Crucial,Crucial P2 500,500,SSD
Crucial,Crucial P3 500,500,SSD
Crucial,Crucial P3 Plus 500,500,SSD
Crucial,Crucial P5 500,500,SSD
Crucial,Crucial P5 Plus 500,500,SSD
Crucial,Crucial T500 500,500,SSD
Gigabyte,Gigabyte 4000E 500,500,SSD
Gigabyte,Gigabyte AORUS 500,500,SSD
Gigabyte,Gigabyte AORUS Gen4 500,500,SSD
Gigabyte,Gigabyte AORUS Gen4 5000E 500,500,SSD
Gigabyte,Gigabyte Gen3 2500E 500,500,SSD
Kingston,Kingston A2000 500,500,SSD
Kingston,Kingston Fury Renegade 500,500,SSD
Kingston,Kingston Fury Renegade with Heat Sink 500,500,SSD
Kingston,Kingston KC2000 500,500,SSD
Kingston,Kingston KC2500 500,500,SSD
Kingston,Kingston NV1 500,500,SSD
Kingston,Kingston NV2 500,500,SSD
MSI,MSI SPATIUM M371 500,500,SSD
MSI,MSI SPATIUM M390 500,500,SSD
MSI,MSI SPATIUM M450 500,500,SSD
MSI,MSI SPATIUM M460 500,500,SSD
MSI,MSI SPATIUM M460 HS 500,500,SSD
MSI,MSI SPATIUM M461 500,500,SSD
Patriot,Patriot P400 Lite 500,500,SSD
Patriot,Patriot Viper Gaming VP4100 500,500,SSD
Patriot,Patriot Viper VP4300 Lite 500,500,SSD
PNY,PNY CS1030 500,500,SSD
PNY,PNY CS1031 500,500,SSD
PNY,PNY CS2130 500,500,SSD
PNY,PNY CS2140 500,500,SSD
PNY,PNY CS2230 500,500,SSD
PNY,PNY CS2240 500,500,SSD
PNY,PNY CS2241 500,500,SSD
PNY,PNY CS900 500,500,SSD
PNY,PNY XLR8 CS2311 500,500,SSD
PNY,PNY XLR8 CS3030 500,500,SSD
PNY,PNY XLR8 CS3040 500,500,SSD
PNY,PNY XLR8 CS3040 w/Heatsink 500,500,SSD
Sabrent,Sabrent Rocket 4.0 500,500,SSD
Sabrent,Sabrent Rocket Q 500,500,SSD
Samsung,Samsung 750 Evo 500,500,SSD
Samsung,Samsung 840 500,500,SSD
Samsung,Samsung 840 Evo 500,500,SSD
Samsung,Samsung 850 Evo 500,500,SSD
Samsung,Samsung 860 Evo 500,500,SSD
Samsung,Samsung 870 Evo 500,500,SSD
Samsung,Samsung 960 Evo 500,500,SSD
Samsung,Samsung 970 Evo 500,500,SSD
Samsung,Samsung 970 Evo Plus 500,500,SSD
Samsung,Samsung 980 500,500,SSD
Samsung,Samsung 980 Pro 500,500,SSD
SanDisk,SanDisk EXTREME PRO 500,500,SSD
SanDisk,SanDisk Ultra 3D 500,500,SSD
Seagate,Seagate BarraCuda 120 500,500,SSD
Seagate,Seagate BarraCuda 510 500,500,SSD
Seagate,Seagate Barracuda Compute 500,500,SSD
Seagate,Seagate Barracuda PCIe 500,500,SSD
Seagate,Seagate BarraCuda Q5 500,500,SSD
Seagate,Seagate Beskar Ingot Drive Special Edition FireCuda 500,500,SSD
Seagate,Seagate FireCuda 120 500,500,SSD
Seagate,Seagate FireCuda 510 500,500,SSD
Seagate,Seagate FireCuda 520 500,500,SSD
Seagate,Seagate FireCuda 520 Rev 2.0 500,500,SSD
Seagate,Seagate FireCuda 530 500,500,SSD
Seagate,Seagate FireCuda 530 w/Heatsink 500,500,SSD
Seagate,Seagate IronWolf 125 500,500,SSD
Seagate,Seagate IronWolf 525 500,500,SSD
TEAMGROUP,TEAMGROUP MP44L 500,500,SSD
TEAMGROUP,TEAMGROUP T-Force Cardea II TUF Gaming Alliance 500,500,SSD
TEAMGROUP,TEAMGROUP T-Force Cardea Z44L 500,500,SSD
TEAMGROUP,TEAMGROUP T-Force Delta Max RGB 500,500,SSD
TEAMGROUP,TEAMGROUP T-Force Delta Phantom Gaming RGB 500,500,SSD
TEAMGROUP,TEAMGROUP T-Force Delta R RGB 500,500,SSD
TEAMGROUP,TEAMGROUP T-Force Delta RGB 500,500,SSD
TEAMGROUP,TEAMGROUP T-Force Delta RGB Lite 500,500,SSD
TEAMGROUP,TEAMGROUP T-Force Delta S RGB 500,500,SSD
TEAMGROUP,TEAMGROUP T-Force Delta S TUF Gaming RGB 500,500,SSD
TEAMGROUP,TEAMGROUP T-Force Delta TUF Gaming Alliance RGB 500,500,SSD
TEAMGROUP,TEAMGROUP T-Force Vulcan 500,500,SSD
Western,Western Digital Black NVMe 500,500,SSD
Western,Western Digital Black SN750 500,500,SSD
Western,Western Digital Black SN750 Rev2 500,500,SSD
Western,Western Digital Black SN750 SE 500,500,SSD
Western,Western Digital Black SN770 500,500,SSD
Western,Western Digital Black SN850 500,500,SSD
Western,Western Digital Blue 500,500,SSD
Western,Western Digital Blue SA510 500,500,SSD
Western,Western Digital Blue SN500 500,500,SSD
Western,Western Digital Blue SN550 500,500,SSD
Western,Western Digital Blue SN570 500,500,SSD
Western,Western Digital Blue SN580 500,500,SSD
Western,Western Digital Red SA500 500,500,SSD
Western,Western Digital Red SN700 500,500,SSD
Western,Western Digital SanDisk Extreme 500,500,SSD
Western,Western Digital SanDisk Extreme PRO 500,500,SSD
Western,Western Digital WD Blue 500,500,SSD
Western,Western Digital WD_BLACK SN770M 500,500,SSD
Acer,Acer FA100 512,512,SSD
Acer,Acer Predator GM3500 512,512,SSD
Acer,Acer Predator GM7 512,512,SSD
Acer,Acer Predator GM7000 512,512,SSD
ADATA,ADATA ATOM 40 512,512,SSD
ADATA,ADATA ATOM 50 512,512,SSD
ADATA,ADATA Falcon 512,512,SSD
ADATA,ADATA ISSS333-512GD 512,512,SSD
ADATA,ADATA ISSS333-512GP 512,512,SSD
ADATA,ADATA LEGEND 700 512,512,SSD
ADATA,ADATA LEGEND 700 GOLD 512,512,SSD
ADATA,ADATA Legend 710 512,512,SSD
ADATA,ADATA LEGEND 820 512,512,SSD
ADATA,ADATA LEGEND 840 512,512,SSD
ADATA,ADATA Legend 850 512,512,SSD
ADATA,ADATA LEGEND 900 512,512,SSD
ADATA,ADATA Premier Pro SP900 512,512,SSD
ADATA,ADATA Premier Pro SP920 512,512,SSD
ADATA,ADATA Premier SP610 512,512,SSD
ADATA,ADATA SP900 M.2 512,512,SSD
ADATA,ADATA SU760 512,512,SSD
ADATA,ADATA SU800 512,512,SSD
ADATA,ADATA SU900 512,512,SSD
ADATA,ADATA Ultimate SU750 512,512,SSD
ADATA,ADATA XPG GAMMIX S11 Pro 512,512,SSD
ADATA,ADATA XPG GAMMIX S41 512,512,SSD
ADATA,ADATA XPG GAMMIX S5 512,512,SSD
ADATA,ADATA XPG GAMMIX S60 Blade 512,512,SSD
ADATA,ADATA XPG GAMMIX S7 512,512,SSD
ADATA,ADATA XPG GAMMIX S70 Blade 512,512,SSD
ADATA,ADATA XPG SPECTRIX S40G RGB 512,512,SSD
ADATA,ADATA XPG SX6000 512,512,SSD
ADATA,ADATA XPG SX6000 Pro 512,512,SSD
ADATA,ADATA XPG SX7000 512,512,SSD
ADATA,ADATA XPG SX8000 512,512,SSD
ADATA,ADATA XPG SX8100 512,512,SSD
ADATA,ADATA XPG SX8200 Pro 512,512,SSD
ADATA,ADATA XPG SX850 512,512,SSD
ADATA,ADATA XPG SX8800 Pro 512,512,SSD
ADATA,ADATA XPG SX900 512,512,SSD
ADATA,ADATA XPG SX910 512,512,SSD
Apacer,Apacer AS2280P4 512,512,SSD
Apacer,Apacer AS2280Q4U 512,512,SSD
Apacer,Apacer AS350 PANTHER 512,512,SSD
Apacer,Apacer PP3480 512,512,SSD
Apacer,Apacer PPSS25 512,512,SSD
Apacer,Apacer PPSS80 512,512,SSD
Corsair,Corsair Force LX 512,512,SSD
Corsair,Corsair Neutron 512,512,SSD
Crucial,Crucial M4 512,512,SSD
Crucial,Crucial M550 512,512,SSD
Crucial,Crucial MX100 512,512,SSD
Gigabyte,Gigabyte AORUS RGB 512,512,SSD
Gigabyte,Gigabyte GP-GSM2NE3512GNTD 512,512,SSD
Gigabyte,Gigabyte GP-GSM2NE8512GNTD 512,512,SSD
Gigabyte,Gigabyte M30 512,512,SSD
Gigabyte,Gigabyte UD PRO 512 512,512,SSD
Intel,Intel 545s 512,512,SSD
Intel,Intel 600p 512,512,SSD
Intel,Intel 660p 512,512,SSD
Intel,Intel 670p 512,512,SSD
Intel,Intel 760p 512,512,SSD
Intel,Intel DC P4101 512,512,SSD
Intel,Intel DC S3110 512,512,SSD
Intel,Intel PRO 5450S 512,512,SSD
Intel,Intel Pro 6000p 512,512,SSD
Intel,Intel Pro 7600p 512,512,SSD
Kingston,Kingston KC3000 512,512,SSD
Kingston,Kingston KC600 512,512,SSD
Kingston,Kingston KC600B 512,512,SSD
Kingston,Kingston SSDNow KC400 512,512,SSD
Kingston,Kingston SSDNow V+100 512,512,SSD
Lenovo,Lenovo OPAL2 512,512,SSD
Lenovo,Lenovo ThinkPad OPAL 512,512,SSD
Micron,Micron 1100 512,512,SSD
Micron,Micron 2200 512,512,SSD
Micron,Micron 2300 512,512,SSD
Micron,Micron 2400 512,512,SSD
Micron,Micron M600 512,512,SSD
Patriot,Patriot P210 512,512,SSD
Patriot,Patriot P300 512,512,SSD
Patriot,Patriot P400 512,512,SSD
Patriot,Patriot Scorch 512,512,SSD
Patriot,Patriot Spark 512,512,SSD
Patriot,Patriot Viper VPN110 512,512,SSD
Patriot,Patriot Viper VPR400 RGB 512,512,SSD
Patriot,Patriot VPN100 512,512,SSD
Patriot,Patriot VPR100 RGB 512,512,SSD
PNY,PNY CS1031 512,512,SSD
Sabrent,Sabrent Rocket 512,512,SSD
Sabrent,Sabrent Rocket 4.0 512,512,SSD
Samsung,Samsung 830 512,512,SSD
Samsung,Samsung 840 Pro 512,512,SSD
Samsung,Samsung 850 Pro 512,512,SSD
Samsung,Samsung 860 Pro 512,512,SSD
Samsung,Samsung 950 PRO 512,512,SSD
Samsung,Samsung 960 Pro 512,512,SSD
Samsung,Samsung 970 Pro 512,512,SSD
Samsung,Samsung MZVPV512HDGL-00000 512,512,SSD
Samsung,Samsung PM871b 512,512,SSD
Samsung,Samsung PM951 512,512,SSD
Samsung,Samsung PM961 512,512,SSD
Samsung,Samsung SM951 512,512,SSD
Samsung,Samsung SM961 512,512,SSD
Samsung,Samsung XP941 512,512,SSD
SanDisk,SanDisk X210 512,512,SSD
SanDisk,SanDisk X300S 512,512,SSD
SanDisk,SanDisk X400 512,512,SSD
SanDisk,SanDisk X600 512,512,SSD
Seagate,Seagate Barracuda Compute 512,512,SSD
TEAMGROUP,TEAMGROUP AX2 512,512,SSD
TEAMGROUP,TEAMGROUP Cardea II 512,512,SSD
TEAMGROUP,TEAMGROUP CX2 512,512,SSD
TEAMGROUP,TEAMGROUP EX2 512,512,SSD
TEAMGROUP,TEAMGROUP GX2 512,512,SSD
TEAMGROUP,TEAMGROUP MP32 512,512,SSD
TEAMGROUP,TEAMGROUP MP33 512,512,SSD
TEAMGROUP,TEAMGROUP MP33 PRO 512,512,SSD
TEAMGROUP,TEAMGROUP MP34 512,512,SSD
TEAMGROUP,TEAMGROUP MP34S 512,512,SSD
TEAMGROUP,TEAMGROUP MP44 512,512,SSD
TEAMGROUP,TEAMGROUP MS30 512,512,SSD
TEAMGROUP,TEAMGROUP QX 512,512,SSD
TEAMGROUP,TEAMGROUP T-Force Cardea Liquid 512,512,SSD
TEAMGROUP,TEAMGROUP T-Force Cardea Zero Z330 512,512,SSD
TEAMGROUP,TEAMGROUP T-Force Cardea Zero Z340 512,512,SSD
TEAMGROUP,TEAMGROUP T-Force Delta Max RGB Lite 512,512,SSD
TEAMGROUP,TEAMGROUP T-Force Delta Max White RGB Lite 512,512,SSD
TEAMGROUP,TEAMGROUP T-FORCE G50 512,512,SSD
TEAMGROUP,TEAMGROUP T-FORCE G50 PRO 512,512,SSD
TEAMGROUP,TEAMGROUP T-FORCE G70 512,512,SSD
TEAMGROUP,TEAMGROUP T-FORCE G70 PRO Aluminum 512,512,SSD
TEAMGROUP,TEAMGROUP T-FORCE G70 PRO Graphene 512,512,SSD
TEAMGROUP,TEAMGROUP T-Force Vulcan G 512,512,SSD
TEAMGROUP,TEAMGROUP T-Force Vulcan Z 512,512,SSD
TEAMGROUP,TEAMGROUP T-FORCE Z44A3 512,512,SSD
TEAMGROUP,TEAMGROUP T-FORCE Z44A5 512,512,SSD
TEAMGROUP,TEAMGROUP T-FORCE Z44A7 512,512,SSD
Western,Western Digital Black 512,512,SSD
Western,Western Digital PC SN730 512,512,SSD
Western,Western Digital PC SN740 Opal 512,512,SSD
Western,Western Digital PC SN740 Pyrite 512,512,SSD
Western,Western Digital SN520 512,512,SSD
Western,Western Digital SN530 512,512,SSD
Western,Western Digital SN530 SED 512,512,SSD
Crucial,Crucial MX300 750,750,SSD
Samsung,Samsung 840 Evo 750,750,SSD
Acer,Acer SA100 960,960,SSD
ADATA,ADATA SP550 960,960,SSD
ADATA,ADATA SU630 960,960,SSD
ADATA,ADATA SU635 960,960,SSD
ADATA,ADATA SU655 960,960,SSD
ADATA,ADATA Ultimate SU650 960,960,SSD
ADATA,ADATA XPG GAMMIX S11 960,960,SSD
ADATA,ADATA XPG SX8200 960 960,960,SSD
Apacer,Apacer AS340 PANTHER 960,960,SSD
Corsair,Corsair Force LE 960,960,SSD
Corsair,Corsair Force LS 960,960,SSD
Corsair,Corsair MP300 960,960,SSD
Corsair,Corsair MP500 960,960,SSD
Corsair,Corsair MP510 960,960,SSD
Corsair,Corsair Neutron XT 960,960,SSD
Corsair,Corsair Neutron XTi 960,960,SSD
Crucial,Crucial BX200 960,960,SSD
Crucial,Crucial BX500 960,960,SSD
Crucial,Crucial M500 960,960,SSD
Intel,Intel D3-S4510 960,960,SSD
Intel,Intel D3-S4520 960,960,SSD
Intel,Intel D3-S4610 960,960,SSD
Intel,Intel D3-S4620 960,960,SSD
Intel,Intel DC S3520 960,960,SSD
Intel,Intel DC S4500 960,960,SSD
Kingston,Kingston A1000 960,960,SSD
Kingston,Kingston A400 960,960,SSD
Kingston,Kingston DC1000B 960,960,SSD
Kingston,Kingston DC450R 960,960,SSD
Kingston,Kingston DC500R 960,960,SSD
Kingston,Kingston HyperX FURY RGB 960,960,SSD
Kingston,Kingston HyperX FURY RGB BUNDLE 960,960,SSD
Kingston,Kingston KC1000 960,960,SSD
Kingston,Kingston Predator 960,960,SSD
Kingston,Kingston Q500 960,960,SSD
Kingston,Kingston Savage 960,960,SSD
Kingston,Kingston SHSS3B7A/960G Bundle 960,960,SSD
Kingston,Kingston SSDNOW DC500M 960,960,SSD
Kingston,Kingston SSDNow KC310 960,960,SSD
Kingston,Kingston SSDNow UV400 960,960,SSD
Kingston,Kingston SSDNow V310 960,960,SSD
Kingston,Kingston UV500B 960,960,SSD
Lenovo,Lenovo 5300 960,960,SSD
Lenovo,Lenovo S4520 960,960,SSD
Micron,Micron 5200 960,960,SSD
Micron,Micron 5200 ECO 960,960,SSD
Micron,Micron 5400 Max 960,960,SSD
Micron,Micron 5400 Max eSSC 960,960,SSD
Micron,Micron 5400 Max OPAL 960,960,SSD
Micron,Micron 5400 Pro 960,960,SSD
Micron,Micron 5400 Pro eSSC 960,960,SSD
Micron,Micron 5400 Pro OPAL 960,960,SSD
MSI,MSI SPATIUM S270 960,960,SSD
Patriot,Patriot Blast 960,960,SSD
Patriot,Patriot Burst 960,960,SSD
Patriot,Patriot Burst Elite 960,960,SSD
Patriot,Patriot Ignite 960,960,SSD
Patriot,Patriot P310 960,960,SSD
Patriot,Patriot Torch LE 960,960,SSD
PNY,PNY CS1311 960,960,SSD
PNY,PNY CS2211 960,960,SSD
PNY,PNY CS900 960,960,SSD
PNY,PNY SSD7CS2111-960-RB 960,960,SSD
Samsung,Samsung 845DC EVO 960,960,SSD
Samsung,Samsung Data Center 960,960,SSD
Samsung,Samsung MZ1LV960HCJH 960,960,SSD
Samsung,Samsung PM853T Data Center 960,960,SSD
Samsung,Samsung PM863 960,960,SSD
Samsung,Samsung PM893 960,960,SSD
SanDisk,SanDisk CloudSpeed Eco Gen. II 960,960,SSD
SanDisk,SanDisk EXTREME PRO 960,960,SSD
SanDisk,SanDisk SSD PLUS 960,960,SSD
SanDisk,SanDisk Ultra II 960,960,SSD
Seagate,Seagate BarraCuda Q1 960,960,SSD
Seagate,Seagate IronWolf 510 960,960,SSD
Seagate,Seagate IronWolf NAS 960,960,SSD
Seagate,Seagate IronWolf Pro 125 960,960,SSD
Seagate,Seagate Nytro Enterprise 960,960,SSD
TEAMGROUP,TEAMGROUP CX1 960,960,SSD
TEAMGROUP,TEAMGROUP GX1 960,960,SSD
Western,Western Digital Green SN350 960,960,SSD
Western,Western Digital Ultrastar DC 960,960,SSD
Acer,Acer FA100 1000,1000,SSD
Acer,Acer Predator GM3500 1000,1000,SSD
Acer,Acer Predator GM7 1000,1000,SSD
Acer,Acer Predator GM7000 1000,1000,SSD
ADATA,ADATA ATOM 30 1000,1000,SSD
ADATA,ADATA ATOM 40 1000,1000,SSD
ADATA,ADATA ATOM 50 1000,1000,SSD
ADATA,ADATA Falcon 1000,1000,SSD
ADATA,ADATA ISSS333-001TD 1000,1000,SSD
ADATA,ADATA ISSS333-001TP 1000,1000,SSD
ADATA,ADATA LEGEND 700 1000,1000,SSD
ADATA,ADATA LEGEND 700 GOLD 1000,1000,SSD
ADATA,ADATA Legend 710 1000,1000,SSD
ADATA,ADATA Legend 740 1000,1000,SSD
ADATA,ADATA Legend 750 1000,1000,SSD
ADATA,ADATA Legend 800 1000,1000,SSD
ADATA,ADATA LEGEND 800 GOLD 1000,1000,SSD
ADATA,ADATA LEGEND 820 1000,1000,SSD
ADATA,ADATA LEGEND 840 1000,1000,SSD
ADATA,ADATA Legend 850 1000,1000,SSD
ADATA,ADATA LEGEND 850 LITE 1000,1000,SSD
ADATA,ADATA LEGEND 900 1000,1000,SSD
ADATA,ADATA Legend 960 1000,1000,SSD
ADATA,ADATA LEGEND 960 MAX 1000,1000,SSD
ADATA,ADATA LEGEND 970 1000,1000,SSD
ADATA,ADATA Premier Pro SP920 1000,1000,SSD
ADATA,ADATA Premier SP610 1000,1000,SSD
ADATA,ADATA Premium For PS5 1000,1000,SSD
ADATA,ADATA SU760 1000,1000,SSD
ADATA,ADATA SU800 1000,1000,SSD
ADATA,ADATA SU900 1000,1000,SSD
ADATA,ADATA Swordfish 1000,1000,SSD
ADATA,ADATA Ultimate SU750 1000,1000,SSD
ADATA,ADATA XPG ASX8600 Pro 1000,1000,SSD
ADATA,ADATA XPG GAMMIX S11 Pro 1000,1000,SSD
ADATA,ADATA XPG GAMMIX S41 1000,1000,SSD
ADATA,ADATA XPG GAMMIX S5 1000,1000,SSD
ADATA,ADATA XPG GAMMIX S50 1000,1000,SSD
ADATA,ADATA XPG GAMMIX S50 Lite 1000,1000,SSD
ADATA,ADATA XPG GAMMIX S60 Blade 1000,1000,SSD
ADATA,ADATA XPG GAMMIX S7 1000,1000,SSD
ADATA,ADATA XPG GAMMIX S70 1000,1000,SSD
ADATA,ADATA XPG GAMMIX S70 Blade 1000,1000,SSD
ADATA,ADATA XPG SPECTRIX S20G 1000,1000,SSD
ADATA,ADATA XPG SPECTRIX S40G RGB 1000,1000,SSD
ADATA,ADATA XPG SX6000 1000,1000,SSD
ADATA,ADATA XPG SX6000 Pro 1000,1000,SSD
ADATA,ADATA XPG SX8100 1000,1000,SSD
ADATA,ADATA XPG SX8200 Pro 1000,1000,SSD
ADATA,ADATA XPG SX8800 Pro 1000,1000,SSD
Apacer,Apacer AS2280P4 1000,1000,SSD
Apacer,Apacer AS2280Q4 1000,1000,SSD
Apacer,Apacer AS2280Q4U 1000,1000,SSD
Apacer,Apacer AS350 PANTHER 1000,1000,SSD
Apacer,Apacer PP3480 1000,1000,SSD
Apacer,Apacer PPSS25 1000,1000,SSD
Apacer,Apacer PPSS80 1000,1000,SSD
Corsair,Corsair MP400 1000,1000,SSD
Corsair,Corsair MP600 1000,1000,SSD
Corsair,Corsair MP600 CORE 1000,1000,SSD
Corsair,Corsair MP600 CORE MINI 1000,1000,SSD
Corsair,Corsair MP600 CORE XT 1000,1000,SSD
Corsair,Corsair MP600 ELITE 1000,1000,SSD
Corsair,Corsair MP600 ELITE PS5 1000,1000,SSD
Corsair,Corsair MP600 ELITE w/Heatsink 1000,1000,SSD
Corsair,Corsair MP600 Force Series Gen4 1000,1000,SSD
Corsair,Corsair MP600 GS 1000,1000,SSD
Corsair,Corsair MP600 MICRO 1000,1000,SSD
Corsair,Corsair MP600 MINI 1000,1000,SSD
Corsair,Corsair MP600 PRO 1000,1000,SSD
Corsair,Corsair MP600 PRO LPX 1000,1000,SSD
Corsair,Corsair MP600 PRO NH 1000,1000,SSD
Corsair,Corsair MP600 PRO XT 1000,1000,SSD
Corsair,Corsair MP700 1000,1000,SSD
Corsair,Corsair MP700 PRO 1000,1000,SSD
Corsair,Corsair MP700 PRO w/Heatsink 1000,1000,SSD
Crucial,Crucial BX100 1000,1000,SSD
Crucial,Crucial BX500 1000,1000,SSD
Crucial,Crucial M550 1000,1000,SSD
Crucial,Crucial MX200 1000,1000,SSD
Crucial,Crucial MX500 1000,1000,SSD
Crucial,Crucial P1 1000,1000,SSD
Crucial,Crucial P2 1000,1000,SSD
Crucial,Crucial P3 1000,1000,SSD
Crucial,Crucial P3 Plus 1000,1000,SSD
Crucial,Crucial P5 1000,1000,SSD
Crucial,Crucial P5 Plus 1000,1000,SSD
Crucial,Crucial P5 Plus W/Heatsink 1000,1000,SSD
Crucial,Crucial T500 1000,1000,SSD
Crucial,Crucial T500 W/Heatsink 1000,1000,SSD
Crucial,Crucial T700 1000,1000,SSD
Crucial,Crucial T700 W/Heatsink 1000,1000,SSD
Crucial,Crucial T705 1000,1000,SSD
Crucial,Crucial T705 W/Heatsink 1000,1000,SSD
Gigabyte,Gigabyte 4000E 1000,1000,SSD
Gigabyte,Gigabyte AORUS Gen4 1000,1000,SSD
Gigabyte,Gigabyte AORUS Gen4 5000E 1000,1000,SSD
Gigabyte,Gigabyte AORUS Gen4 7000s 1000,1000,SSD
Gigabyte,Gigabyte AORUS Gen4 7000s Premium 1000,1000,SSD
Gigabyte,Gigabyte AORUS Gen4 7300 1000,1000,SSD
Gigabyte,Gigabyte AORUS Gen5 10000 1000,1000,SSD
Gigabyte,Gigabyte AORUS Gen5 12000 1000,1000,SSD
Gigabyte,Gigabyte Gen3 2500E 1000,1000,SSD
Gigabyte,Gigabyte GP-GSM2NE3100TNTD 1000,1000,SSD
Gigabyte,Gigabyte GP-GSTFS31100TNTD 1000,1000,SSD
Gigabyte,Gigabyte M30 1000,1000,SSD
Intel,Intel 540s 1000,1000,SSD
Intel,Intel 600p 1000,1000,SSD
Intel,Intel 660p 1000,1000,SSD
Intel,Intel 665p 1000,1000,SSD
Intel,Intel 670p 1000,1000,SSD
Intel,Intel 760p 1000,1000,SSD
Intel,Intel DC P4511 1000,1000,SSD
Intel,Intel Pro 5400s 1000,1000,SSD
Intel,Intel Pro 6000p 1000,1000,SSD
Intel,Intel Pro 7600p 1000,1000,SSD
Kingston,Kingston A2000 1000,1000,SSD
Kingston,Kingston Fury Renegade 1000,1000,SSD
Kingston,Kingston Fury Renegade with Heat Sink 1000,1000,SSD
Kingston,Kingston KC2000 1000,1000,SSD
Kingston,Kingston KC2500 1000,1000,SSD
Kingston,Kingston NV1 1000,1000,SSD
Kingston,Kingston NV2 1000,1000,SSD
Kingston,Kingston SSDNow KC400 1000,1000,SSD
Lenovo,Lenovo 4XB0W79582 1000,1000,SSD
Micron,Micron 1100 1000,1000,SSD
Micron,Micron 2200 1000,1000,SSD
Micron,Micron 2400 1000,1000,SSD
Micron,Micron 3400 1000,1000,SSD
Micron,Micron M600 1000,1000,SSD
MSI,MSI SPATIUM M370 1000,1000,SSD
MSI,MSI SPATIUM M371 1000,1000,SSD
MSI,MSI SPATIUM M390 1000,1000,SSD
MSI,MSI SPATIUM M450 1000,1000,SSD
MSI,MSI SPATIUM M460 1000,1000,SSD
MSI,MSI SPATIUM M460 HS 1000,1000,SSD
MSI,MSI SPATIUM M461 1000,1000,SSD
MSI,MSI SPATIUM M470 1000,1000,SSD
MSI,MSI SPATIUM M480 1000,1000,SSD
MSI,MSI SPATIUM M480 HS 1000,1000,SSD
MSI,MSI SPATIUM M480 PLAY 1000,1000,SSD
MSI,MSI SPATIUM M480 PRO 1000,1000,SSD
MSI,MSI SPATIUM M480 PRO PLAY 1000,1000,SSD
MSI,MSI SPATIUM M482 1000,1000,SSD
MSI,MSI SPATIUM M570 HS 1000,1000,SSD
Patriot,Patriot P200 1000,1000,SSD
Patriot,Patriot P210 1000,1000,SSD
Patriot,Patriot P300 1000,1000,SSD
Patriot,Patriot P400 1000,1000,SSD
Patriot,Patriot P400 Lite 1000,1000,SSD
Patriot,Patriot Viper Gaming VP4100 1000,1000,SSD
Patriot,Patriot Viper VP4300 1000,1000,SSD
Patriot,Patriot Viper VP4300 Lite 1000,1000,SSD
Patriot,Patriot Viper VPN110 1000,1000,SSD
Patriot,Patriot Viper VPR400 RGB 1000,1000,SSD
Patriot,Patriot VPN100 1000,1000,SSD
Patriot,Patriot VPR100 RGB 1000,1000,SSD
PNY,PNY CS1030 1000,1000,SSD
PNY,PNY CS1031 1000,1000,SSD
PNY,PNY CS2130 1000,1000,SSD
PNY,PNY CS2140 1000,1000,SSD
PNY,PNY CS2230 1000,1000,SSD
PNY,PNY CS2240 1000,1000,SSD
PNY,PNY CS2241 1000,1000,SSD
PNY,PNY CS3140 1000,1000,SSD
PNY,PNY CS3150 1000,1000,SSD
PNY,PNY CS3150 RGB 1000,1000,SSD
PNY,PNY CS900 1000,1000,SSD
PNY,PNY XLR8 CS2311 1000,1000,SSD
PNY,PNY XLR8 CS3030 1000,1000,SSD
PNY,PNY XLR8 CS3040 1000,1000,SSD
PNY,PNY XLR8 CS3040 w/Heatsink 1000,1000,SSD
PNY,PNY XLR8 CS3140 w/Heatsink 1000,1000,SSD
Sabrent,Sabrent Rocket 1000,1000,SSD
Sabrent,Sabrent Rocket 4 Plus 1000,1000,SSD
Sabrent,Sabrent Rocket 4 Plus G 1000,1000,SSD
Sabrent,Sabrent Rocket 4.0 1000,1000,SSD
Sabrent,Sabrent Rocket 4.0 HTSK 1000,1000,SSD
Sabrent,Sabrent Rocket 5 1000,1000,SSD
Sabrent,Sabrent Rocket Q 1000,1000,SSD
Sabrent,Sabrent Rocket Q4 1000,1000,SSD
Samsung,Samsung 840 Evo 1000,1000,SSD
Samsung,Samsung 850 Evo 1000,1000,SSD
Samsung,Samsung 850 Pro 1000,1000,SSD
Samsung,Samsung 860 Evo 1000,1000,SSD
Samsung,Samsung 860 Pro 1000,1000,SSD
Samsung,Samsung 860 QVO 1000,1000,SSD
Samsung,Samsung 870 Evo 1000,1000,SSD
Samsung,Samsung 870 QVO 1000,1000,SSD
Samsung,Samsung 960 Evo 1000,1000,SSD
Samsung,Samsung 960 Pro 1000,1000,SSD
Samsung,Samsung 970 Evo 1000,1000,SSD
Samsung,Samsung 970 Evo Plus 1000,1000,SSD
Samsung,Samsung 970 Pro 1000,1000,SSD
Samsung,Samsung 980 1000,1000,SSD
Samsung,Samsung 980 Pro 1000,1000,SSD
Samsung,Samsung 980 Pro w/Heatsink 1000,1000,SSD
Samsung,Samsung 990 EVO 1000,1000,SSD
Samsung,Samsung 990 Pro 1000,1000,SSD
Samsung,Samsung 990 Pro w/Heatsink 1000,1000,SSD
Samsung,Samsung PM871b 1000,1000,SSD
Samsung,Samsung PM961 1000,1000,SSD
Samsung,Samsung SM961 1000,1000,SSD
SanDisk,SanDisk EXTREME PRO 1000,1000,SSD
SanDisk,SanDisk SSD PLUS 1000,1000,SSD
SanDisk,SanDisk Ultra 1000,1000,SSD
SanDisk,SanDisk Ultra 3D 1000,1000,SSD
SanDisk,SanDisk X400 1000,1000,SSD
SanDisk,SanDisk X600 1000,1000,SSD
Seagate,Seagate BarraCuda 120 1000,1000,SSD
Seagate,Seagate BarraCuda 510 1000,1000,SSD
Seagate,Seagate Barracuda Compute 1000,1000,SSD
Seagate,Seagate Barracuda PCIe 1000,1000,SSD
Seagate,Seagate BarraCuda Q5 1000,1000,SSD
Seagate,Seagate Beskar Ingot Drive Special Edition FireCuda 1000,1000,SSD
Seagate,Seagate FireCuda 1000,1000,SSD
Seagate,Seagate FireCuda 120 1000,1000,SSD
Seagate,Seagate FireCuda 510 1000,1000,SSD
Seagate,Seagate FireCuda 520 1000,1000,SSD
Seagate,Seagate FireCuda 520 Rev 2.0 1000,1000,SSD
Seagate,Seagate FireCuda 520N 1000,1000,SSD
Seagate,Seagate FireCuda 530 1000,1000,SSD
Seagate,Seagate FireCuda 530 w/Heatsink 1000,1000,SSD
Seagate,Seagate FireCuda 540 1000,1000,SSD
Seagate,Seagate FireCuda 540 w/Heatsink 1000,1000,SSD
Seagate,Seagate Game Drive 1000,1000,SSD
Seagate,Seagate IronWolf 125 1000,1000,SSD
Seagate,Seagate IronWolf 525 1000,1000,SSD
Seagate,Seagate Lightsaber Collection FireCuda 1000,1000,SSD
TEAMGROUP,TEAMGROUP AX2 1000,1000,SSD
TEAMGROUP,TEAMGROUP Cardea A440 1000,1000,SSD
TEAMGROUP,TEAMGROUP Cardea II 1000,1000,SSD
TEAMGROUP,TEAMGROUP Cardea Z440 TUF Gaming Alliance 1000,1000,SSD
TEAMGROUP,TEAMGROUP Cardea Zero Z440 Graphene 1000,1000,SSD
TEAMGROUP,TEAMGROUP CX2 1000,1000,SSD
TEAMGROUP,TEAMGROUP EX2 1000,1000,SSD
TEAMGROUP,TEAMGROUP GX2 1000,1000,SSD
TEAMGROUP,TEAMGROUP L5 LITE 1000,1000,SSD
TEAMGROUP,TEAMGROUP L5 LITE 3D 1000,1000,SSD
TEAMGROUP,TEAMGROUP MP33 1000,1000,SSD
TEAMGROUP,TEAMGROUP MP33 PRO 1000,1000,SSD
TEAMGROUP,TEAMGROUP MP34 1000,1000,SSD
TEAMGROUP,TEAMGROUP MP34S 1000,1000,SSD
TEAMGROUP,TEAMGROUP MP44 1000,1000,SSD
TEAMGROUP,TEAMGROUP MP44L 1000,1000,SSD
TEAMGROUP,TEAMGROUP MP44S 1000,1000,SSD
TEAMGROUP,TEAMGROUP MS30 1000,1000,SSD
TEAMGROUP,TEAMGROUP QX 1000,1000,SSD
TEAMGROUP,TEAMGROUP T-Create Classic 1000,1000,SSD
TEAMGROUP,TEAMGROUP T-Create Classic DL 1000,1000,SSD
TEAMGROUP,TEAMGROUP T-Create Expert 1000,1000,SSD
TEAMGROUP,TEAMGROUP T-Force Cardea 1000,1000,SSD
TEAMGROUP,TEAMGROUP T-Force Cardea A440 Pro 1000,1000,SSD
TEAMGROUP,TEAMGROUP T-Force Cardea A440 Pro Special Series 1000,1000,SSD
TEAMGROUP,TEAMGROUP T-Force Cardea Ceramic C440 1000,1000,SSD
TEAMGROUP,TEAMGROUP T-Force Cardea II TUF Gaming Alliance 1000,1000,SSD
TEAMGROUP,TEAMGROUP T-Force Cardea IOPS 1000,1000,SSD
TEAMGROUP,TEAMGROUP T-Force Cardea Z44L 1000,1000,SSD
TEAMGROUP,TEAMGROUP T-Force Cardea Z540 1000,1000,SSD
TEAMGROUP,TEAMGROUP T-Force Cardea Zero Z330 1000,1000,SSD
TEAMGROUP,TEAMGROUP T-Force Cardea Zero Z340 1000,1000,SSD
TEAMGROUP,TEAMGROUP T-Force Delta Max RGB 1000,1000,SSD
TEAMGROUP,TEAMGROUP T-Force Delta Max RGB Lite 1000,1000,SSD
TEAMGROUP,TEAMGROUP T-Force Delta Max White RGB 1000,1000,SSD
TEAMGROUP,TEAMGROUP T-Force Delta Max White RGB Lite 1000,1000,SSD
TEAMGROUP,TEAMGROUP T-Force Delta Phantom Gaming RGB 1000,1000,SSD
TEAMGROUP,TEAMGROUP T-Force Delta R RGB 1000,1000,SSD
TEAMGROUP,TEAMGROUP T-Force Delta RGB 1000,1000,SSD
TEAMGROUP,TEAMGROUP T-Force Delta RGB Lite 1000,1000,SSD
TEAMGROUP,TEAMGROUP T-Force Delta S RGB 1000,1000,SSD
TEAMGROUP,TEAMGROUP T-Force Delta S TUF Gaming RGB 1000,1000,SSD
TEAMGROUP,TEAMGROUP T-Force Delta TUF Gaming Alliance RGB 1000,1000,SSD
TEAMGROUP,TEAMGROUP T-FORCE G50 1000,1000,SSD
TEAMGROUP,TEAMGROUP T-FORCE G50 PRO 1000,1000,SSD
TEAMGROUP,TEAMGROUP T-FORCE G70 1000,1000,SSD
TEAMGROUP,TEAMGROUP T-FORCE G70 PRO Aluminum 1000,1000,SSD
TEAMGROUP,TEAMGROUP T-FORCE G70 PRO Graphene 1000,1000,SSD
TEAMGROUP,TEAMGROUP T-Force GE Pro 1000,1000,SSD
TEAMGROUP,TEAMGROUP T-Force Vulcan 1000,1000,SSD
TEAMGROUP,TEAMGROUP T-Force Vulcan G 1000,1000,SSD
TEAMGROUP,TEAMGROUP T-Force Vulcan Z 1000,1000,SSD
TEAMGROUP,TEAMGROUP T-FORCE Z44A3 1000,1000,SSD
TEAMGROUP,TEAMGROUP T-FORCE Z44A5 1000,1000,SSD
TEAMGROUP,TEAMGROUP T-FORCE Z44A7 1000,1000,SSD
Western,Western Digital Black NVMe 1000,1000,SSD
Western,Western Digital Black SN750 1000,1000,SSD
Western,Western Digital Black SN750 Rev2 1000,1000,SSD
Western,Western Digital Black SN750 SE 1000,1000,SSD
Western,Western Digital Black SN770 1000,1000,SSD
Western,Western Digital Black SN850 1000,1000,SSD
Western,Western Digital BLACK SN850 Call of Duty Edition 1000,1000,SSD
Western,Western Digital Black SN850X 1000,1000,SSD
Western,Western Digital Black SN850X w/Heatsink 1000,1000,SSD
Western,Western Digital Blue 1000,1000,SSD
Western,Western Digital Blue SA510 1000,1000,SSD
Western,Western Digital Blue SN550 1000,1000,SSD
Western,Western Digital Blue SN570 1000,1000,SSD
Western,Western Digital Blue SN580 1000,1000,SSD
Western,Western Digital Green 1000,1000,SSD
Western,Western Digital Green SN350 1000,1000,SSD
Western,Western Digital PC SN730 1000,1000,SSD
Western,Western Digital PC SN740 Opal 1000,1000,SSD
Western,Western Digital PC SN740 Pyrite 1000,1000,SSD
Western,Western Digital Red SA500 1000,1000,SSD
Western,Western Digital Red SN700 1000,1000,SSD
Western,Western Digital SanDisk Extreme 1000,1000,SSD
Western,Western Digital SanDisk Extreme PRO 1000,1000,SSD
Western,Western Digital WD Blue 1000,1000,SSD
Western,Western Digital WD_BLACK SN770M 1000,1000,SSD
Western,Western Digital WD_BLACK SN850P for PS5 1000,1000,SSD
Western,Western Digital WDS100T1XHE w/Heatsink 1000,1000,SSD
Samsung,Samsung Spinpoint F1 CE 1000,1000,HDD 7200RPM
Samsung,Samsung Spinpoint F1 DT 1000,1000,HDD 7200RPM
Samsung,Samsung Spinpoint F1 RAID 1000,1000,HDD 7200RPM
Samsung,Samsung Spinpoint F3 1000,1000,HDD 7200RPM
Samsung,Samsung Spinpoint F3R 1000,1000,HDD 7200RPM
Seagate,Seagate BarraCuda 1000,1000,HDD 7200RPM
Seagate,Seagate Barracuda ES 1000,1000,HDD 7200RPM
Seagate,Seagate Barracuda ES.2 1000,1000,HDD 7200RPM
Seagate,Seagate BarraCuda Pro Compute 1000,1000,HDD 7200RPM
Seagate,Seagate Constellation 1000,1000,HDD 7200RPM
Seagate,Seagate Constellation CS 1000,1000,HDD 7200RPM
Seagate,Seagate Constellation CS ISE 1000,1000,HDD 7200RPM
Seagate,Seagate Constellation ES 1000,1000,HDD 7200RPM
Seagate,Seagate Constellation ES.3 1000,1000,HDD 7200RPM
Seagate,Seagate Constellation.2 1000,1000,HDD 7200RPM
Seagate,Seagate Enterprise Capacity 1000,1000,HDD 7200RPM
Seagate,Seagate Exos 7E8 1000,1000,HDD 7200RPM
Seagate,Seagate Exos 7E8 512n 1000,1000,HDD 7200RPM
Seagate,Seagate EXOS Enterprise 1000,1000,HDD 7200RPM
Seagate,Seagate FireCuda 1000,1000,HDD 7200RPM
Seagate,Seagate ST1000DM004 1000,1000,HDD 7200RPM
Seagate,Seagate ST1000LM050 1000,1000,HDD 7200RPM
Seagate,Seagate ST1000NX0313 1000,1000,HDD 7200RPM
Seagate,Seagate ST1000NX0353 1000,1000,HDD 7200RPM
Seagate,Seagate SV35 1000,1000,HDD 7200RPM
Seagate,Seagate SV35.5 1000,1000,HDD 7200RPM
Western,Western Digital AV-GP 1000,1000,HDD 7200RPM
Western,Western Digital Black 1000,1000,HDD 7200RPM
Western,Western Digital Blue 1000,1000,HDD 7200RPM
Western,Western Digital Caviar Black 1000,1000,HDD 7200RPM
Western,Western Digital Caviar Blue 1000,1000,HDD 7200RPM
Western,Western Digital Gold 1000,1000,HDD 7200RPM
Western,Western Digital RE 1000,1000,HDD 7200RPM
Western,Western Digital RE2-GP 1000,1000,HDD 7200RPM
Western,Western Digital RE4 1000,1000,HDD 7200RPM
Western,Western Digital SE 1000,1000,HDD 7200RPM
Western,Western Digital WD_BLACK 1000,1000,HDD 7200RPM
Western,Western Digital WDBSLA0010HNC-NRSN 1000,1000,HDD 7200RPM
Western,Western Digital VelociRaptor 1000,1000,HDD 10000RPM
Seagate,Seagate BarraCuda 1500,1500,HDD 7200RPM
Western,Western Digital Caviar Black 1500,1500,HDD 7200RPM
Western,Western Digital Caviar Green 1500,1500,HDD 7200RPM
Western,Western Digital RE4 1500,1500,HDD 7200RPM
Intel,Intel DC S4500 1900,1900,SSD
Intel,Intel DC S4600 1900,1900,SSD
Acer,Acer FA100 2000,2000,SSD
Acer,Acer Predator GM7 2000,2000,SSD
Acer,Acer Predator GM7000 2000,2000,SSD
Samsung,Samsung 980 Pro 2000,2000,SSD
ADATA,ADATA ATOM 30 2000,2000,SSD
ADATA,ADATA ATOM 40 2000,2000,SSD
ADATA,ADATA ATOM 50 2000,2000,SSD
ADATA,ADATA Falcon 2000,2000,SSD
ADATA,ADATA ISSS333-002TD 2000,2000,SSD
ADATA,ADATA ISSS333-002TP 2000,2000,SSD
ADATA,ADATA LEGEND 700 2000,2000,SSD
ADATA,ADATA LEGEND 700 GOLD 2000,2000,SSD
ADATA,ADATA Legend 800 2000,2000,SSD
ADATA,ADATA LEGEND 800 GOLD 2000,2000,SSD
ADATA,ADATA LEGEND 820 2000,2000,SSD
ADATA,ADATA LEGEND 840 2000,2000,SSD
ADATA,ADATA Legend 850 2000,2000,SSD
ADATA,ADATA LEGEND 850 LITE 2000,2000,SSD
ADATA,ADATA LEGEND 900 2000,2000,SSD
ADATA,ADATA Legend 960 2000,2000,SSD
ADATA,ADATA LEGEND 960 MAX 2000,2000,SSD
ADATA,ADATA LEGEND 970 2000,2000,SSD
ADATA,ADATA Premium For PS5 2000,2000,SSD
ADATA,ADATA SU800 2000,2000,SSD
ADATA,ADATA Swordfish 2000,2000,SSD
ADATA,ADATA XPG ASX8600 Pro 2000,2000,SSD
ADATA,ADATA XPG GAMMIX S11 Pro 2000,2000,SSD
ADATA,ADATA XPG GAMMIX S5 2000,2000,SSD
ADATA,ADATA XPG GAMMIX S50 2000,2000,SSD
ADATA,ADATA XPG GAMMIX S50 Lite 2000,2000,SSD
ADATA,ADATA XPG GAMMIX S60 Blade 2000,2000,SSD
ADATA,ADATA XPG GAMMIX S7 2000,2000,SSD
ADATA,ADATA XPG GAMMIX S70 2000,2000,SSD
ADATA,ADATA XPG GAMMIX S70 Blade 2000,2000,SSD
ADATA,ADATA XPG SPECTRIX S40G RGB 2000,2000,SSD
ADATA,ADATA XPG SX8100 2000,2000,SSD
ADATA,ADATA XPG SX8200 Pro 2000,2000,SSD
Apacer,Apacer AS2280Q4 2000,2000,SSD
Apacer,Apacer AS2280Q4U 2000,2000,SSD
Apacer,Apacer PP3480 2000,2000,SSD
Apacer,Apacer PPSS25 2000,2000,SSD
Corsair,Corsair MP400 2000,2000,SSD
Corsair,Corsair MP600 2000,2000,SSD
Corsair,Corsair MP600 CORE 2000,2000,SSD
Corsair,Corsair MP600 CORE MINI 2000,2000,SSD
Corsair,Corsair MP600 CORE XT 2000,2000,SSD
Corsair,Corsair MP600 ELITE 2000,2000,SSD
Corsair,Corsair MP600 ELITE PS5 2000,2000,SSD
Corsair,Corsair MP600 ELITE w/Heatsink 2000,2000,SSD
Corsair,Corsair MP600 Force Series Gen4 2000,2000,SSD
Corsair,Corsair MP600 GS 2000,2000,SSD
Corsair,Corsair MP600 PRO 2000,2000,SSD
Corsair,Corsair MP600 PRO LPX 2000,2000,SSD
Corsair,Corsair MP600 PRO NH 2000,2000,SSD
Corsair,Corsair MP600 PRO XT 2000,2000,SSD
Corsair,Corsair MP700 2000,2000,SSD
Corsair,Corsair MP700 PRO 2000,2000,SSD
Corsair,Corsair MP700 PRO w/Heatsink 2000,2000,SSD
Crucial,Crucial BX500 2000,2000,SSD
Crucial,Crucial MX500 2000,2000,SSD
Crucial,Crucial P1 2000,2000,SSD
Crucial,Crucial P2 2000,2000,SSD
Crucial,Crucial P3 2000,2000,SSD
Crucial,Crucial P3 Plus 2000,2000,SSD
Crucial,Crucial P5 2000,2000,SSD
Crucial,Crucial P5 Plus 2000,2000,SSD
Crucial,Crucial P5 Plus W/Heatsink 2000,2000,SSD
Crucial,Crucial T500 2000,2000,SSD
Crucial,Crucial T500 W/Heatsink 2000,2000,SSD
Crucial,Crucial T700 2000,2000,SSD
Crucial,Crucial T700 W/Heatsink 2000,2000,SSD
Crucial,Crucial T705 2000,2000,SSD
Crucial,Crucial T705 W/Heatsink 2000,2000,SSD
Crucial,Crucial T705 W/Heatsink Limited Edition 2000,2000,SSD
Gigabyte,Gigabyte AORUS Gen4 2000,2000,SSD
Gigabyte,Gigabyte AORUS Gen4 5000E 2000,2000,SSD
Gigabyte,Gigabyte AORUS Gen4 7000s 2000,2000,SSD
Gigabyte,Gigabyte AORUS Gen4 7000s Premium 2000,2000,SSD
Gigabyte,Gigabyte AORUS Gen4 7300 2000,2000,SSD
Gigabyte,Gigabyte AORUS Gen5 10000 2000,2000,SSD
Gigabyte,Gigabyte AORUS Gen5 12000 2000,2000,SSD
Gigabyte,Gigabyte Gen3 2500E 2000,2000,SSD
Intel,Intel 660p 2000,2000,SSD
Intel,Intel 665p 2000,2000,SSD
Intel,Intel 670p 2000,2000,SSD
Intel,Intel 760p 2000,2000,SSD
Intel,Intel DC P4101 2000,2000,SSD
Intel,Intel DC P4500 2000,2000,SSD
Intel,Intel DC P4511 2000,2000,SSD
Kingston,Kingston Fury Renegade 2000,2000,SSD
Kingston,Kingston Fury Renegade with Heat Sink 2000,2000,SSD
Kingston,Kingston KC2000 2000,2000,SSD
Kingston,Kingston KC2500 2000,2000,SSD
Kingston,Kingston NV1 2000,2000,SSD
Kingston,Kingston NV2 2000,2000,SSD
Micron,Micron 1100 2000,2000,SSD
Micron,Micron 2400 2000,2000,SSD
MSI,MSI SPATIUM M370 2000,2000,SSD
MSI,MSI SPATIUM M371 2000,2000,SSD
MSI,MSI SPATIUM M390 2000,2000,SSD
MSI,MSI SPATIUM M450 2000,2000,SSD
MSI,MSI SPATIUM M460 2000,2000,SSD
MSI,MSI SPATIUM M460 HS 2000,2000,SSD
MSI,MSI SPATIUM M461 2000,2000,SSD
MSI,MSI SPATIUM M470 2000,2000,SSD
MSI,MSI SPATIUM M480 2000,2000,SSD
MSI,MSI SPATIUM M480 HS 2000,2000,SSD
MSI,MSI SPATIUM M480 PLAY 2000,2000,SSD
MSI,MSI SPATIUM M480 PRO 2000,2000,SSD
MSI,MSI SPATIUM M480 PRO PLAY 2000,2000,SSD
MSI,MSI SPATIUM M482 2000,2000,SSD
MSI,MSI SPATIUM M570 HS 2000,2000,SSD
Patriot,Patriot P200 2000,2000,SSD
Patriot,Patriot P210 2000,2000,SSD
Patriot,Patriot P300 2000,2000,SSD
Patriot,Patriot P400 Lite 2000,2000,SSD
Patriot,Patriot Viper Gaming VP4100 2000,2000,SSD
Patriot,Patriot Viper VP4300 2000,2000,SSD
Patriot,Patriot Viper VP4300 Lite 2000,2000,SSD
Patriot,Patriot Viper VPN110 2000,2000,SSD
Patriot,Patriot VPN100 2000,2000,SSD
Patriot,Patriot VPR100 RGB 2000,2000,SSD
PNY,PNY CS1030 2000,2000,SSD
PNY,PNY CS1031 2000,2000,SSD
PNY,PNY CS2130 2000,2000,SSD
PNY,PNY CS2140 2000,2000,SSD
PNY,PNY CS2241 2000,2000,SSD
PNY,PNY CS3140 2000,2000,SSD
PNY,PNY CS3150 2000,2000,SSD
PNY,PNY CS3150 RGB 2000,2000,SSD
PNY,PNY CS900 2000,2000,SSD
PNY,PNY XLR8 CS2311 2000,2000,SSD
PNY,PNY XLR8 CS3030 2000,2000,SSD
PNY,PNY XLR8 CS3040 2000,2000,SSD
PNY,PNY XLR8 CS3040 w/Heatsink 2000,2000,SSD
PNY,PNY XLR8 CS3140 w/Heatsink 2000,2000,SSD
Sabrent,Sabrent Rocket 2000,2000,SSD
Sabrent,Sabrent Rocket 4 Plus 2000,2000,SSD
Sabrent,Sabrent Rocket 4 Plus G 2000,2000,SSD
Sabrent,Sabrent Rocket 4.0 2000,2000,SSD
Sabrent,Sabrent Rocket 4.0 HTSK 2000,2000,SSD
Sabrent,Sabrent Rocket 5 2000,2000,SSD
Sabrent,Sabrent Rocket Q 2000,2000,SSD
Sabrent,Sabrent Rocket Q4 2000,2000,SSD
Samsung,Samsung 850 Evo 2000,2000,SSD
Samsung,Samsung 850 Pro 2000,2000,SSD
Samsung,Samsung 860 Evo 2000,2000,SSD
Samsung,Samsung 860 Pro 2000,2000,SSD
Samsung,Samsung 860 QVO 2000,2000,SSD
Samsung,Samsung 870 Evo 2000,2000,SSD
Samsung,Samsung 870 QVO 2000,2000,SSD
Samsung,Samsung 960 Pro 2000,2000,SSD
Samsung,Samsung 970 Evo 2000,2000,SSD
Samsung,Samsung 970 Evo Plus 2000,2000,SSD
Samsung,Samsung 980 Pro w/Heatsink 2000,2000,SSD
Samsung,Samsung 990 EVO 2000,2000,SSD
Samsung,Samsung 990 Pro 2000,2000,SSD
Samsung,Samsung 990 Pro w/Heatsink 2000,2000,SSD
SanDisk,SanDisk SSD PLUS 2000,2000,SSD
SanDisk,SanDisk Ultra 3D 2000,2000,SSD
Seagate,Seagate BarraCuda 120 2000,2000,SSD
Seagate,Seagate Barracuda Compute 2000,2000,SSD
Seagate,Seagate Barracuda PCIe 2000,2000,SSD
Seagate,Seagate BarraCuda Q5 2000,2000,SSD
Seagate,Seagate Beskar Ingot Drive Special Edition FireCuda 2000,2000,SSD
Seagate,Seagate FireCuda 2000,2000,SSD
Seagate,Seagate FireCuda 120 2000,2000,SSD
Seagate,Seagate FireCuda 510 2000,2000,SSD
Seagate,Seagate FireCuda 520 2000,2000,SSD
Seagate,Seagate FireCuda 520 Rev 2.0 2000,2000,SSD
Seagate,Seagate FireCuda 520N 2000,2000,SSD
Seagate,Seagate FireCuda 530 2000,2000,SSD
Seagate,Seagate FireCuda 530 w/Heatsink 2000,2000,SSD
Seagate,Seagate FireCuda 540 2000,2000,SSD
Seagate,Seagate FireCuda 540 w/Heatsink 2000,2000,SSD
Seagate,Seagate Game Drive 2000,2000,SSD
Seagate,Seagate IronWolf 125 2000,2000,SSD
Seagate,Seagate IronWolf 525 2000,2000,SSD
Seagate,Seagate Lightsaber Collection FireCuda 2000,2000,SSD
TEAMGROUP,TEAMGROUP AX2 2000,2000,SSD
TEAMGROUP,TEAMGROUP Cardea A440 2000,2000,SSD
TEAMGROUP,TEAMGROUP Cardea Zero Z440 Graphene 2000,2000,SSD
TEAMGROUP,TEAMGROUP CX2 2000,2000,SSD
TEAMGROUP,TEAMGROUP EX2 2000,2000,SSD
TEAMGROUP,TEAMGROUP GX2 2000,2000,SSD
TEAMGROUP,TEAMGROUP MP33 2000,2000,SSD
TEAMGROUP,TEAMGROUP MP33 PRO 2000,2000,SSD
TEAMGROUP,TEAMGROUP MP34 2000,2000,SSD
TEAMGROUP,TEAMGROUP MP34Q 2000,2000,SSD
TEAMGROUP,TEAMGROUP MP44 2000,2000,SSD
TEAMGROUP,TEAMGROUP MP44L 2000,2000,SSD
TEAMGROUP,TEAMGROUP MP44S 2000,2000,SSD
TEAMGROUP,TEAMGROUP MS30 2000,2000,SSD
TEAMGROUP,TEAMGROUP QX 2000,2000,SSD
TEAMGROUP,TEAMGROUP T-Create Classic 2000,2000,SSD
TEAMGROUP,TEAMGROUP T-Create Classic DL 2000,2000,SSD
TEAMGROUP,TEAMGROUP T-Create Expert 2000,2000,SSD
TEAMGROUP,TEAMGROUP T-Force Cardea A440 Pro 2000,2000,SSD
TEAMGROUP,TEAMGROUP T-Force Cardea A440 Pro Special Series 2000,2000,SSD
TEAMGROUP,TEAMGROUP T-Force Cardea Ceramic C440 2000,2000,SSD
TEAMGROUP,TEAMGROUP T-Force Cardea Z44L 2000,2000,SSD
TEAMGROUP,TEAMGROUP T-Force Cardea Z44Q 2000,2000,SSD
TEAMGROUP,TEAMGROUP T-Force Cardea Z540 2000,2000,SSD
TEAMGROUP,TEAMGROUP T-Force Cardea Zero Z330 2000,2000,SSD
TEAMGROUP,TEAMGROUP T-Force Cardea Zero Z340 2000,2000,SSD
TEAMGROUP,TEAMGROUP T-FORCE G50 2000,2000,SSD
TEAMGROUP,TEAMGROUP T-FORCE G50 PRO 2000,2000,SSD
TEAMGROUP,TEAMGROUP T-FORCE G70 2000,2000,SSD
TEAMGROUP,TEAMGROUP T-FORCE G70 PRO Aluminum 2000,2000,SSD
TEAMGROUP,TEAMGROUP T-FORCE G70 PRO Graphene 2000,2000,SSD
TEAMGROUP,TEAMGROUP T-Force GE Pro 2000,2000,SSD
TEAMGROUP,TEAMGROUP T-Force Vulcan G 2000,2000,SSD
TEAMGROUP,TEAMGROUP T-Force Vulcan Z 2000,2000,SSD
TEAMGROUP,TEAMGROUP T-FORCE Z44A3 2000,2000,SSD
TEAMGROUP,TEAMGROUP T-FORCE Z44A5 2000,2000,SSD
TEAMGROUP,TEAMGROUP T-FORCE Z44A7 2000,2000,SSD
Western,Western Digital Black SN750 2000,2000,SSD
Western,Western Digital Black SN750 Rev2 2000,2000,SSD
Western,Western Digital Black SN770 2000,2000,SSD
Western,Western Digital Black SN850 2000,2000,SSD
Western,Western Digital Black SN850 w/Heatsink 2000,2000,SSD
Western,Western Digital Black SN850X 2000,2000,SSD
Western,Western Digital Black SN850X w/Heatsink 2000,2000,SSD
Western,Western Digital Blue 2000,2000,SSD
Western,Western Digital Blue SA510 2000,2000,SSD
Western,Western Digital Blue SN550 2000,2000,SSD
Western,Western Digital Blue SN570 2000,2000,SSD
Western,Western Digital Blue SN580 2000,2000,SSD
Western,Western Digital Green 2000,2000,SSD
Western,Western Digital Green SN350 2000,2000,SSD
Western,Western Digital PC SN740 Opal 2000,2000,SSD
Western,Western Digital PC SN740 Pyrite 2000,2000,SSD
Western,Western Digital Red SA500 2000,2000,SSD
Western,Western Digital Red SN700 2000,2000,SSD
Western,Western Digital SanDisk Extreme 2000,2000,SSD
Western,Western Digital SanDisk Extreme PRO 2000,2000,SSD
Western,Western Digital WD Blue 2000,2000,SSD
Western,Western Digital WD_BLACK SN770M 2000,2000,SSD
Western,Western Digital WD_BLACK SN850P for PS5 2000,2000,SSD
Seagate,Seagate BarraCuda 2000,2000,HDD 7200RPM
Seagate,Seagate Barracuda Compute 2000,2000,HDD 7200RPM
Seagate,Seagate BarraCuda Pro 2000,2000,HDD 7200RPM
Seagate,Seagate Barracuda XT 2000,2000,HDD 7200RPM
Seagate,Seagate Constellation CS 2000,2000,HDD 7200RPM
Seagate,Seagate Constellation CS ISE 2000,2000,HDD 7200RPM
Seagate,Seagate Constellation ES 2000,2000,HDD 7200RPM
Seagate,Seagate Constellation ES.2 2000,2000,HDD 7200RPM
Seagate,Seagate Constellation ES.3 2000,2000,HDD 7200RPM
Seagate,Seagate Enterprise Capacity 2000,2000,HDD 7200RPM
Seagate,Seagate Enterprise NAS 2000,2000,HDD 7200RPM
Seagate,Seagate Exos 7E10 4Kn 2000,2000,HDD 7200RPM
Seagate,Seagate Exos 7E10 512e/4Kn 2000,2000,HDD 7200RPM
Seagate,Seagate Exos 7E10 512n 2000,2000,HDD 7200RPM
Seagate,Seagate Exos 7E8 2000,2000,HDD 7200RPM
Seagate,Seagate Exos 7E8 4Kn 2000,2000,HDD 7200RPM
Seagate,Seagate EXOS Enterprise 2000,2000,HDD 7200RPM
Seagate,Seagate FireCuda 2000,2000,HDD 7200RPM
Seagate,Seagate FireCuda Compute 2000,2000,HDD 7200RPM
Seagate,Seagate IronWolf Pro 2000,2000,HDD 7200RPM
Seagate,Seagate IronWolf Pro NAS 2000,2000,HDD 7200RPM
Seagate,Seagate SkyHawk Surveillance 2000,2000,HDD 7200RPM
Seagate,Seagate ST2000DM002 2000,2000,HDD 7200RPM
Seagate,Seagate ST2000NM0024 2000,2000,HDD 7200RPM
Seagate,Seagate ST2000NM0034 2000,2000,HDD 7200RPM
Seagate,Seagate ST2000NM0044 2000,2000,HDD 7200RPM
Seagate,Seagate ST2000NX0253 2000,2000,HDD 7200RPM
Seagate,Seagate ST2000NX0303 2000,2000,HDD 7200RPM
Seagate,Seagate SV35.5 2000,2000,HDD 7200RPM
Western,Western Digital Blue 2000,2000,HDD 7200RPM
Western,Western Digital Caviar Black 2000,2000,HDD 7200RPM
Western,Western Digital Gold 2000,2000,HDD 7200RPM
Western,Western Digital RE 2000,2000,HDD 7200RPM
Western,Western Digital RE4 2000,2000,HDD 7200RPM
Western,Western Digital Red Pro 2000,2000,HDD 7200RPM
Western,Western Digital SE 2000,2000,HDD 7200RPM
Western,Western Digital WD_BLACK 2000,2000,HDD 7200RPM
Western,Western Digital WDBSLA0020HNC-NRSN 2000,2000,HDD 7200RPM
Lenovo,Lenovo 0A89478 3000,3000,HDD 7200RPM
Lenovo,Lenovo 4N40A33711 3000,3000,HDD 7200RPM
Seagate,Seagate BarraCuda 3000,3000,HDD 7200RPM
Seagate,Seagate Barracuda XT 3000,3000,HDD 7200RPM
Seagate,Seagate Constellation CS 3000,3000,HDD 7200RPM
Seagate,Seagate Constellation ES.2 3000,3000,HDD 7200RPM
Seagate,Seagate Constellation ES.3 3000,3000,HDD 7200RPM
Seagate,Seagate Constellation Product Series:ES.3 3000,3000,HDD 7200RPM
Seagate,Seagate Enterprise Capacity 3000,3000,HDD 7200RPM
Seagate,Seagate Enterprise NAS 3000,3000,HDD 7200RPM
Seagate,Seagate Exos 7E8 3000,3000,HDD 7200RPM
Seagate,Seagate Exos 7E8 512n 3000,3000,HDD 7200RPM
Seagate,Seagate ST3000DM002 3000,3000,HDD 7200RPM
Seagate,Seagate ST3000VN000 3000,3000,HDD 7200RPM
Seagate,Seagate SV35.5 3000,3000,HDD 7200RPM
Western,Western Digital Black 3000,3000,HDD 7200RPM
Western,Western Digital RE 3000,3000,HDD 7200RPM
Western,Western Digital Red Pro 3000,3000,HDD 7200RPM
Western,Western Digital SE 3000,3000,HDD 7200RPM
Western,Western Digital WD3001FAEX 3000,3000,HDD 7200RPM
Acer,Acer Predator GM7 4000,4000,SSD
Acer,Acer Predator GM7000 4000,4000,SSD
ADATA,ADATA Legend 960 4000,4000,SSD
ADATA,ADATA LEGEND 960 MAX 4000,4000,SSD
ADATA,ADATA XPG GAMMIX S70 Blade 4000,4000,SSD
ADATA,ADATA XPG SPECTRIX S40G RGB 4000,4000,SSD
ADATA,ADATA XPG SX8100 4000,4000,SSD
Corsair,Corsair CSSD-F4000GBMP600PHX 4000,4000,SSD
Corsair,Corsair CSSD-F4000GBMP600PXT 4000,4000,SSD
Corsair,Corsair MP400 4000,4000,SSD
Corsair,Corsair MP510 4000,4000,SSD
Corsair,Corsair MP600 CORE 4000,4000,SSD
Corsair,Corsair MP600 CORE XT 4000,4000,SSD
Corsair,Corsair MP600 PRO 4000,4000,SSD
Corsair,Corsair MP600 PRO LPX 4000,4000,SSD
Corsair,Corsair MP600 PRO NH 4000,4000,SSD
Crucial,Crucial MX500 4000,4000,SSD
Crucial,Crucial P3 4000,4000,SSD
Crucial,Crucial P3 Plus 4000,4000,SSD
Crucial,Crucial T700 4000,4000,SSD
Crucial,Crucial T700 W/Heatsink 4000,4000,SSD
Crucial,Crucial T705 4000,4000,SSD
Crucial,Crucial T705 W/Heatsink 4000,4000,SSD
Kingston,Kingston Fury Renegade 4000,4000,SSD
Kingston,Kingston Fury Renegade with Heat Sink 4000,4000,SSD
Kingston,Kingston NV2 4000,4000,SSD
MSI,MSI SPATIUM M461 4000,4000,SSD
MSI,MSI SPATIUM M480 PRO 4000,4000,SSD
MSI,MSI SPATIUM M480 PRO PLAY 4000,4000,SSD
Patriot,Patriot P400 Lite 4000,4000,SSD
Patriot,Patriot Viper VP4300 Lite 4000,4000,SSD
PNY,PNY CS2130 4000,4000,SSD
PNY,PNY CS2241 4000,4000,SSD
PNY,PNY CS3140 4000,4000,SSD
PNY,PNY CS900 4000,4000,SSD
PNY,PNY XLR8 CS3030 4000,4000,SSD
PNY,PNY XLR8 CS3040 4000,4000,SSD
PNY,PNY XLR8 CS3040 w/Heatsink 4000,4000,SSD
PNY,PNY XLR8 CS3140 w/Heatsink 4000,4000,SSD
Sabrent,Sabrent Rocket 4000,4000,SSD
Sabrent,Sabrent Rocket 4 Plus 4000,4000,SSD
Sabrent,Sabrent Rocket 4 Plus G 4000,4000,SSD
Sabrent,Sabrent Rocket 5 4000,4000,SSD
Sabrent,Sabrent Rocket Q 4000,4000,SSD
Sabrent,Sabrent Rocket Q4 4000,4000,SSD
Samsung,Samsung 860 Evo 4000,4000,SSD
Samsung,Samsung 860 Pro 4000,4000,SSD
Samsung,Samsung 860 QVO 4000,4000,SSD
Samsung,Samsung 870 Evo 4000,4000,SSD
Samsung,Samsung 870 QVO 4000,4000,SSD
Samsung,Samsung 990 Pro 4000,4000,SSD
Samsung,Samsung 990 Pro w/Heatsink 4000,4000,SSD
Samsung,Samsung MZ-75E4T0B 4000,4000,SSD
SanDisk,SanDisk Ultra 3D 4000,4000,SSD
Seagate,Seagate FireCuda 120 4000,4000,SSD
Seagate,Seagate FireCuda 530 4000,4000,SSD
Seagate,Seagate FireCuda 530 w/Heatsink 4000,4000,SSD
Seagate,Seagate Game Drive 4000,4000,SSD
Seagate,Seagate IronWolf 125 4000,4000,SSD
TEAMGROUP,TEAMGROUP MP34 4000,4000,SSD
TEAMGROUP,TEAMGROUP MP34Q 4000,4000,SSD
TEAMGROUP,TEAMGROUP MP44 4000,4000,SSD
TEAMGROUP,TEAMGROUP QX 4000,4000,SSD
TEAMGROUP,TEAMGROUP T-Force Cardea A440 Pro 4000,4000,SSD
TEAMGROUP,TEAMGROUP T-Force Cardea A440 Pro Special Series 4000,4000,SSD
TEAMGROUP,TEAMGROUP T-Force Cardea Z44Q 4000,4000,SSD
TEAMGROUP,TEAMGROUP T-Force Cardea Zero Z340 4000,4000,SSD
TEAMGROUP,TEAMGROUP T-FORCE G70 4000,4000,SSD
TEAMGROUP,TEAMGROUP T-FORCE G70 PRO Aluminum 4000,4000,SSD
TEAMGROUP,TEAMGROUP T-FORCE G70 PRO Graphene 4000,4000,SSD
TEAMGROUP,TEAMGROUP T-Force GE Pro 4000,4000,SSD
TEAMGROUP,TEAMGROUP T-Force Vulcan Z 4000,4000,SSD
TEAMGROUP,TEAMGROUP T-FORCE Z44A7 4000,4000,SSD
Western,Western Digital Black SN750 4000,4000,SSD
Western,Western Digital Black SN850X 4000,4000,SSD
Western,Western Digital Blue 4000,4000,SSD
Western,Western Digital Blue SA510 4000,4000,SSD
Western,Western Digital Red SA500 4000,4000,SSD
Western,Western Digital Red SN700 4000,4000,SSD
Western,Western Digital WD Blue 4000,4000,SSD
Western,Western Digital WD_BLACK SN850P for PS5 4000,4000,SSD
Seagate,Seagate BarraCuda Pro 4000,4000,HDD 7200RPM
Seagate,Seagate Constellation ES.3 4000,4000,HDD 7200RPM
Seagate,Seagate Enterprise Capacity 4000,4000,HDD 7200RPM
Seagate,Seagate Enterprise NAS 4000,4000,HDD 7200RPM
Seagate,Seagate Exos 7E10 4Kn 4000,4000,HDD 7200RPM
Seagate,Seagate Exos 7E10 512e/4Kn 4000,4000,HDD 7200RPM
Seagate,Seagate Exos 7E10 512n 4000,4000,HDD 7200RPM
Seagate,Seagate Exos 7E8 4000,4000,HDD 7200RPM
Seagate,Seagate Exos 7E8 4Kn 4000,4000,HDD 7200RPM
Seagate,Seagate Exos 7E8 512e 4000,4000,HDD 7200RPM
Seagate,Seagate Exos 7E8 512n 4000,4000,HDD 7200RPM
Seagate,Seagate EXOS Enterprise 4000,4000,HDD 7200RPM
Seagate,Seagate FireCuda 4000,4000,HDD 7200RPM
Seagate,Seagate IronWolf Pro 4000,4000,HDD 7200RPM
Seagate,Seagate IronWolf Pro NAS 4000,4000,HDD 7200RPM
Seagate,Seagate SkyHawk AI 4000,4000,HDD 7200RPM
Seagate,Seagate SkyHawk Surveillance 4000,4000,HDD 7200RPM
Seagate,Seagate ST4000NM0024 4000,4000,HDD 7200RPM
Seagate,Seagate ST4000NM0044 4000,4000,HDD 7200RPM
Western,Western Digital Black 4000,4000,HDD 7200RPM
Western,Western Digital Blue 4000,4000,HDD 7200RPM
Western,Western Digital Caviar Black 4000,4000,HDD 7200RPM
Western,Western Digital Gold 4000,4000,HDD 7200RPM
Western,Western Digital RE 4000,4000,HDD 7200RPM
Western,Western Digital Red Pro 4000,4000,HDD 7200RPM
Western,Western Digital SE 4000,4000,HDD 7200RPM
Western,Western Digital WD_BLACK 4000,4000,HDD 7200RPM
Western,Western Digital WDBSLA0040HNC-NRSN 4000,4000,HDD 7200RPM
Seagate,Seagate BarraCuda Pro 5000,5000,HDD 7200RPM
Seagate,Seagate Enterprise NAS 5000,5000,HDD 7200RPM
Seagate,Seagate ST5000NM0024 5000,5000,HDD 7200RPM
Western,Western Digital Black 5000,5000,HDD 7200RPM
Western,Western Digital RE 5000,5000,HDD 7200RPM
Western,Western Digital Red Pro 5000,5000,HDD 7200RPM
Lenovo,Lenovo ThinkStation 6000,6000,HDD 7200RPM
Seagate,Seagate BarraCuda Pro 6000,6000,HDD 7200RPM
Seagate,Seagate Enterprise 6000,6000,HDD 7200RPM
Seagate,Seagate Enterprise Capacity 6000,6000,HDD 7200RPM
Seagate,Seagate Enterprise NAS 6000,6000,HDD 7200RPM
Seagate,Seagate Exos 7E10 4Kn 6000,6000,HDD 7200RPM
Seagate,Seagate Exos 7E10 512e/4Kn 6000,6000,HDD 7200RPM
Seagate,Seagate Exos 7E10 512n 6000,6000,HDD 7200RPM
Seagate,Seagate Exos 7E8 4Kn 6000,6000,HDD 7200RPM
Seagate,Seagate Exos 7E8 512e 6000,6000,HDD 7200RPM
Seagate,Seagate EXOS Enterprise 6000,6000,HDD 7200RPM
Seagate,Seagate IronWolf 6000,6000,HDD 7200RPM
Seagate,Seagate IronWolf NAS 6000,6000,HDD 7200RPM
Seagate,Seagate IronWolf Pro 6000,6000,HDD 7200RPM
Seagate,Seagate IronWolf Pro NAS 6000,6000,HDD 7200RPM
Seagate,Seagate SkyHawk AI 6000,6000,HDD 7200RPM
Seagate,Seagate ST6000DX000 6000,6000,HDD 7200RPM
Seagate,Seagate ST6000NM0024 6000,6000,HDD 7200RPM
Seagate,Seagate ST6000NM0044 6000,6000,HDD 7200RPM
Seagate,Seagate ST6000NM0084 6000,6000,HDD 7200RPM
Seagate,Seagate ST6000NM0104 6000,6000,HDD 7200RPM
Seagate,Seagate ST6000VN0021 6000,6000,HDD 7200RPM
Western,Western Digital Black 6000,6000,HDD 7200RPM
Western,Western Digital Gold 6000,6000,HDD 7200RPM
Western,Western Digital RE 6000,6000,HDD 7200RPM
Western,Western Digital Red Pro 6000,6000,HDD 7200RPM
Western,Western Digital WD_BLACK 6000,6000,HDD 7200RPM
Corsair,Corsair MP400 8000,8000,SSD
Corsair,Corsair MP600 PRO NH 8000,8000,SSD
Corsair,Corsair MP600 PRO XT 8000,8000,SSD
PNY,PNY CS2130 8000,8000,SSD
PNY,PNY CS3140 8000,8000,SSD
PNY,PNY CS900 8000,8000,SSD
Sabrent,Sabrent Rocket 4 Plus 8000,8000,SSD
Sabrent,Sabrent Rocket Q 8000,8000,SSD
Samsung,Samsung 870 QVO 8000,8000,SSD
TEAMGROUP,TEAMGROUP EX2 8000,8000,SSD
TEAMGROUP,TEAMGROUP MP34Q 8000,8000,SSD
TEAMGROUP,TEAMGROUP MP44 8000,8000,SSD
TEAMGROUP,TEAMGROUP QX 8000,8000,SSD
Seagate,Seagate BarraCuda Pro 8000,8000,HDD 7200RPM
Seagate,Seagate Enterprise 8000,8000,HDD 7200RPM
Seagate,Seagate Enterprise Capacity 8000,8000,HDD 7200RPM
Seagate,Seagate Enterprise NAS 8000,8000,HDD 7200RPM
Seagate,Seagate Exos 7E10 4Kn 8000,8000,HDD 7200RPM
Seagate,Seagate Exos 7E10 512e/4Kn 8000,8000,HDD 7200RPM
Seagate,Seagate Exos 7E8 4Kn 8000,8000,HDD 7200RPM
Seagate,Seagate Exos 7E8 512e 8000,8000,HDD 7200RPM
Seagate,Seagate EXOS Enterprise 8000,8000,HDD 7200RPM
Seagate,Seagate FireCuda 8000,8000,HDD 7200RPM
Seagate,Seagate IronWolf NAS 8000,8000,HDD 7200RPM
Seagate,Seagate IronWolf Pro 8000,8000,HDD 7200RPM
Seagate,Seagate IronWolf Pro NAS 8000,8000,HDD 7200RPM
Seagate,Seagate NAS HDD 8000,8000,HDD 7200RPM
Seagate,Seagate SkyHawk AI 8000,8000,HDD 7200RPM
Seagate,Seagate SkyHawk Surveillance 8000,8000,HDD 7200RPM
Seagate,Seagate Surveillance HDD 8000,8000,HDD 7200RPM
Western,Western Digital Black 8000,8000,HDD 7200RPM
Western,Western Digital Gold 8000,8000,HDD 7200RPM
Western,Western Digital Purple 8000,8000,HDD 7200RPM
Western,Western Digital Purple Pro 8000,8000,HDD 7200RPM
Western,Western Digital Red Plus 8000,8000,HDD 7200RPM
Western,Western Digital Red Pro 8000,8000,HDD 7200RPM
Western,Western Digital Ultrastar 8000,8000,HDD 7200RPM
Western,Western Digital WD_BLACK 8000,8000,HDD 7200RPM
